,pid,Company,Location,Job Title,Days ago posted,Date Added,Link,Description,Rank
1,pj_8af3360dc4a5aaca,Latitude,"Atlanta, GA 30326 (North Buckhead area)",Healthcare Consulting Attorney,8 days ago,2020-05-15,/pagead/clk?mo=r&ad=-6NYlbfkN0Bm6HJxcY0Tqjaa3n41Rv68Ym0q5XegBsUyML2tebqrB1Px6kUnQDr-AL8wXRFsJIS8HITmeb0_nkomfEEcSo_tdDjm1hV4TMkcQbomLa-wrlIJ0zO6gqSeUd-SfBOcgbx2gNlHRhBMFNyVEk9tb9SQXyTpQpTbdMEHz8rbC4sRkEyiNU5eYW4nIz9uOZFZnyeZpr6Gb-ATh-MafC4HOs1Ju7N4CPVopHCxwREEwgCa25QC3EPsJUBMT5_P_LuhgbHZkCKytp7PeXaMEbC7m1tuMTdD0BFsEr9zVIXbice0XXBpLVIeoQvW7qp0nOHn73aLS8FqZRKfXc0RNn0b_4UFXxxyTqeEzS1WpQF6QzEuGrWbRbVWbhIxdRkuPkS8OcqZdnvI3VLY-pVRqFA5-fSBQAhtvXGBlqdf8qprsVlIKbD-4bcCBaBRonrjqxnJ32QqmYTwyRSXNEBCNmjtCZ9nIKc0M0umfL1IrUYm_lmZ-kps_BCcXXWxj5sN97r4mvg5YcCRIr3EJ1nToXu8G3-8cI_xk3vSdcAd85l6O-KSP7Hfb7AhZiW4kVBVR5aaYEzw_P645hssoVa86vjo6KDu3lc1mLNrYAiERis2EyL0fomfZPyNoZ7quEDpd7xN2jcuqIqkJM9D6ntHLnU08ovpFapsJsbAAdwiw2SPWI7jB4FuD6HaJYrlzET-zdedEU1MsX8rDnjLEj4gKGP8b8wA2F8omOWeYmRRB8AVjZjBe7js-oY_qu6korDGaSL85gmnS6CUmXwKX09OtTISBzPuqjYCUa7Ic-JI78o1T7DVV1Xl-8LdRW0pTjK9N-389yZsxVdkJuOH-g==&p=0&fvj=0&vjs=3,Not found,0
2,pj_088e1b61ad6ab195,Vaco,"Roswell, GA",Chief Accounting Officer (Information Technology Industry),24 days ago,2020-05-15,/pagead/clk?mo=r&ad=-6NYlbfkN0D_sybMACCpf9B-677oK5j6rPldVB6BlrVvFjO_o-GJZbzuF-qh4PxErFUqfUsv_6uecQWShf9RiJtA2lFFhf0gXEGxJWLzCDX-FBs4ePq3DmgVFKTrnaqc30qJxjIzRRfrb2Wl7XXaVmA1PGDTzEYwzh32sABv9knCnnCrvXmJxRWFyZz6j9TGOF7TIEfUizj8YgdSAyeDBQYwRUUJrKINdNdW3_N7pdYs6kng-OknOq_9yQQBIwjlyPtaVb9bu4nNh1XS9i6Zgy3X8H2IBv6ngaJTvhUk8YpL6GIkrp487-0odQcnbepm_nkAXGX7BbHmJwUak5GwD_sVZjY_iVeZPF-q_SKgNnp7O0v1nHxQug4jCox2Cf8YJc_R5rSao78oUvmqIyzFpm9E-xSZ0rGdiZCPzmSzqK9Wlwc3JVI2tZRYFItWLZ-sJG0ZdmvNCtI5LjP3A_5WMMrhszGzzZFpHxmQpSurd-ZJK0P6r9fsHvWND2FBPaiBopPF_YLvRnpK5JNMdprr9s51tseYpYpozBnZCFCwewj2n5MRf0XwlCt_PkpxpHGgldul8H5WbmhiKgIuWQ92xW7QxKuOON-AakOVthlYcKgDlIDHfnfa0UQn7XcMryMLxLAKY1BdSthinFQS6j8J66rWnshPD4oX50rhHj5cPjaiIlo8NrwimJAAYo2AXp8ZyrUwz7iNvZUJoouCDk4gjmdryGcDjVmMn1Hw_PFhzfNftur9g2kfnBhPyKMtqHHahw3S2JqNqn5I_1Wi51JdQgumabFbQ2b5JWCiKydoXarEWhBWtSDaIFkIKvGFYeWA&p=1&fvj=0&vjs=3,Not found,0
3,p_261d0de6e049613e,SunTrust,"Atlanta, GA 30305 (North Buckhead area)",2020 Investment Banking Summer Associate,30+ days ago,2020-05-15,/rc/clk?jk=261d0de6e049613e&fccid=131f8387a45b81d9&vjs=3,Not found,0
4,p_c62204da6289425d,Ankura,"Atlanta, GA",Associate,30+ days ago,2020-05-15,/rc/clk?jk=c62204da6289425d&fccid=ec089a92f115a89e&vjs=3,Not found,0
5,p_8c8800a59b2a5f73,Anthem,"Atlanta, GA 30308 (Downtown area)",Info Security Exec Advisor - PS35758,8 days ago,2020-05-15,/rc/clk?jk=8c8800a59b2a5f73&fccid=2a4da7fa99f4b9ae&vjs=3,Not found,0
6,p_2d66758206dc2c47,Change Healthcare,"Atlanta, GA","Senior Counsel, Artificial Intelligence",2 days ago,2020-05-15,/rc/clk?jk=2d66758206dc2c47&fccid=b1bd9b34a39d5dcd&vjs=3,Not found,0
7,p_a12f97994058eb36,ALPHA MEDICAL CONSULTING INC,"Lawrenceville, GA 30042",Associate Counsel,30+ days ago,2020-05-15,/rc/clk?jk=a12f97994058eb36&fccid=a6f3797282e2c87c&vjs=3,Not found,0
8,p_0c3f4beed3ad7989,Cox Communications,"Atlanta, GA 30301 (Buckhead area)","Senior Manager, Security Awareness, Cyber M&A and Strategic...",27 days ago,2020-05-15,/rc/clk?jk=0c3f4beed3ad7989&fccid=c7e6b037b4d816c9&vjs=3,Not found,0
9,p_a1c94faa72bf0935,UnitedHealth Group,"New York, NY 10261",Mergers Acquisitions Associate New York or Boston,30+ days ago,2020-05-15,/rc/clk?jk=a1c94faa72bf0935&fccid=d3d3520998346837&vjs=3,Not found,2
10,p_9ca54947b5dd7991,UBS,"New York, NY",Investment Banking Analyst / Associate,30+ days ago,2020-05-15,/rc/clk?jk=9ca54947b5dd7991&fccid=1c76c3a36f6c7557&vjs=3,Not found,0
11,p_f7bb619912a15572,Mizuho Americas,"New York, NY","Investment Banking - Healthcare, Associate",30+ days ago,2020-05-15,/rc/clk?jk=f7bb619912a15572&fccid=bfdc70cb06403869&vjs=3,Not found,0
12,p_b7f80587c9bb4f8e,Teneo,"New York, NY","Investment Banking (M&A), Analyst",10 days ago,2020-05-15,/rc/clk?jk=b7f80587c9bb4f8e&fccid=cb2c4fc58c3f3e90&vjs=3,Not found,0
13,p_e08c62b7f440f5b1,Teneo,"New York, NY","Investment Banking (M&A), Associate",10 days ago,2020-05-15,/rc/clk?jk=e08c62b7f440f5b1&fccid=cb2c4fc58c3f3e90&vjs=3,Not found,0
14,p_76d4bd4030311107,UBS,"New York, NY",Investment Banker,30+ days ago,2020-05-15,/rc/clk?jk=76d4bd4030311107&fccid=1c76c3a36f6c7557&vjs=3,Not found,0
15,p_ec758058e7494683,Northwell Health,"Manhasset, NY 11030",Senior Investment Analyst M&A,30+ days ago,2020-05-15,/rc/clk?jk=ec758058e7494683&fccid=6f31e2074a3d8a7b&vjs=3,Not found,0
16,p_836f22de5486c018,Teneo,"New York, NY","Investment Banking (M&A), Vice President",10 days ago,2020-05-15,/rc/clk?jk=836f22de5486c018&fccid=cb2c4fc58c3f3e90&vjs=3,Not found,0
17,p_0ccf1a69311553cc,Integra Partners,"New York, NY 10005 (Financial District area)",Corporate Development Analyst,10 days ago,2020-05-15,/rc/clk?jk=0ccf1a69311553cc&fccid=922ee89f8e6e6e19&vjs=3,Not found,0
18,p_07fb6ad1b9b5886a,BNP Paribas,"New York, NY",Vice President – Diversified Industrials M&A,30+ days ago,2020-05-15,/rc/clk?jk=07fb6ad1b9b5886a&fccid=1392500f835bba92&vjs=3,Not found,0
19,pj_2a5c38fd4df6e4a9,Food Management Search,"Long Island City, NY",CFO Regional Nursing Home Group -Nursing Home experience is...,8 days ago,2020-05-15,/pagead/clk?mo=r&ad=-6NYlbfkN0A5Q-NUM5VOQJcgw0aOtbkFdKUztaVAJ2TtkczD_hHqEc4LTSu_v_WCyReNUiyXG2ljFmGj2CCLTrL7YBb9sJJMFAinttNvX5Ueh9Up15aP4yu6oT0ICEeJo7SYTji1hv7wJMomWOP27n2ubYLxr9rZh07-dfEP3SfqR82kyo0f4JW-wPbi3iuIxGJHl2uuWPybWd7-sGN5mrc5rgiswKyBE-UBb6pyQ_Dw4M7HKfLxqgYBovZjSZbU45B2l7Xr2m9ZDsFY5q6vZpmz1lHYp69ZYEhh5oDv9ewEASo0P4IaQuPS3E8FSLIQZ6R8WCaLEe6VxxfbMeX4REJt_ANXLvtY8DPyuzLSP7Om58pWkuSFfvwEe5SYJDWtr0UBn9XVIMLqNDM7oqXD5pJUJlezXWRGZdZJlda750iLIl2b2BF6B81PFGNSLJE4BhLilZqC6_Lon12k933i_QD4aFGoan0D74t5rEbtSAU7d5x4Plv1IltqRHbzFkcLosKnoEm558NivobSYGRFhWOZrtMBg_ZC5Fzy8PW6Abq0mXfwcikI_8CSi62E7bVMmZobbo8dFbFtZHun54qHBtkKTbsIKemWN5kbwt769ZqDw5QxJRjbhPI6VpsQxW4Rcy0IzIK_EYFWY1Oor0z8tZ3zKyhD090C3_KOEWh4FZUJd1YsW1i5dgjdoMfXiQHDUSIu1_mxfFhzlmzzen9AMlCjMRrqRjVOwlr7bYUf5ZM72WlDGqgRC8ArxavbaTkVFfz0vlzZ1HA3eKOK20o0Tkx5xMwPxRfYy6EGIATek9TWTYub9ZAYLsqDFMcyWrQsupsEDbsYjmVP5lxhwW3FOf1Jiyp9kPWLU1oE5ryl1DL0VUrT4CIazCiLdtyuMPqGFnKfStYBidqZupTBmwouDV1E-wtcwd2_wdd4U-szhdtYEhKJCSvNRX_mbfu_tGjoco7LVRH-WTYRlcKByVJsIcC-MTH7HHmIgyN-qmwwER0dmTLGo2-jgjfgANDgdjDxW0OnM-AKJYo=&p=0&fvj=0&vjs=3,Not found,0
20,p_f6185bbe0e0c3b0b,Connecticut Children's Medical Center,"Hartford, CT 06106","SVP, Chief Financial Officer",30+ days ago,2020-05-15,/rc/clk?jk=f6185bbe0e0c3b0b&fccid=6f27042f384f8772&vjs=3,Not found,0
21,p_fb015bcebc6d4d42,Quest Diagnostics,"Secaucus, NJ 07094",Financial Sr,30+ days ago,2020-05-15,/rc/clk?jk=fb015bcebc6d4d42&fccid=d92b4bd583ab3ea9&vjs=3,Not found,0
22,p_434257381e7af92d,"Tabula Rasa HealthCare, Inc","Moorestown, NJ 08057",FP and A Analyst,30+ days ago,2020-05-15,/rc/clk?jk=434257381e7af92d&fccid=e75216b2b852dd90&vjs=3,Not found,0
23,p_94aef102d3cbe326,Piper Companies,"King of Prussia, PA",Project Manager,17 days ago,2020-05-15,/rc/clk?jk=94aef102d3cbe326&fccid=fc68da685e8aa986&vjs=3,Not found,0
24,p_caf6999707a3efa2,RELX Group,"Philadelphia, PA",VP Quality & Regulatory Compliance,30+ days ago,2020-05-15,/rc/clk?jk=caf6999707a3efa2&fccid=06206ab329e0eb22&vjs=3,Not found,0
25,p_9b31d4430e4e9431,FRESENIUS,"Malvern, PA 19355",Business Analyst,30+ days ago,2020-05-15,/rc/clk?jk=9b31d4430e4e9431&fccid=8de1633f2f8eae1d&vjs=3,Not found,1
26,p_9ff7e245905d018c,Siemens,"Tarrytown, NY 10591",Global Ventures and Business Development Professional (m/f/d...,30+ days ago,2020-05-15,/rc/clk?jk=9ff7e245905d018c&fccid=3b89b9ec324f96c8&vjs=3,Not found,1
27,p_9d0e4f1bb419c85c,InnovaCare Health - MMM of Florida,"White Plains, NY",Director of Financial Planning & Analysis,13 days ago,2020-05-15,/rc/clk?jk=9d0e4f1bb419c85c&fccid=a1d3b9c1c7cf88a8&vjs=3,Not found,0
28,p_a060266f1b577db8,ZS Associates,"New York, NY 10017 (Turtle Bay area)",ASSOCIATE PRINCIPAL - PIPELINE & LAUNCH STRATEGY,30+ days ago,2020-05-15,/rc/clk?jk=a060266f1b577db8&fccid=f349f6e84d53b739&vjs=3,Not found,0
29,p_2507ba81f5658628,Axia Women's Health,"Voorhees, NJ 08043",Project Manager,29 days ago,2020-05-15,/company/Axia-Women's-Health/jobs/Project-Manager-2507ba81f5658628?fccid=ae46a5b53647ee65&vjs=3,Not found,0
30,pj_38b54e6758101b1f,Hartford HealthCare Corp.,"Bridgeport, CT 06606","Director, Strategic Planning and Development, Fairfield Regi...",30+ days ago,2020-05-15,/pagead/clk?mo=r&ad=-6NYlbfkN0Dk5cON6YqsGc5WkJPYxgaK6MVhH1UmPYGHvD2ZfjovpDZCOuZeu8GjbBNsAQyFb9MvIqMhSBw10cLtfJ1X6ttDjJ2QMLRKGjwl0mnu8ht6ogIntoF0Reb_6NKyYQV7t0ycbkrEEGzsHqMEaMn5GIIZHB2QY1TxD0UTu9x0Zkk4VsJN3Oj4Oz9bz7cU8dbsD4--_KhcCvjTOnIvgM5YP-IypDfQqBEYRhCRMKqT_8CxjLgN0Pw6-PYsv6GCa4IAFe6IBqKVGDs_WGYulpdh_DCO7gKYXwCLch3ztrkSYZjdUMHxH-RoZKbIxknav50Pwi2DzDnY9QcYSAde_lH7CBllphApHMyVUu0DdgJC3FAN4SLWQKALCUrZQEAkif3SBNxZTyxaRzqNTXe8-3BcyZAoBtgG012lMiys1zhB0_9BNrpOixKYiLgRT9wEcWk62fvcXzs8ATXJajK3xT4StuYdOj0ODo9V00-w24xZGpsYVsdgl4yYzrq9_ExFGcMiNNzgBWEo2bULdtYbxanzXDay9No5qhrY-3H0nQLxuY71Adqoyhd47WpkfY1wsyGy5UImrvD1OJ3vHQ3DQvDTDNPqI0W0J0JJHKLnwZD7iHWgPl-krn4B-akGUsTIZhFbVCvcv7FBUsAf5sSF5fyU50L1roQLfPP1C6RnaAW7BwA5kte3pKT2puSt2ifFurROwpuk3hIxsuPDDHyfU53EgDCwBxn2kOLG5eiNCwgO5w-sopxr_9NUYNSF6DVFFZWSMQAPu0rVBHWA0IZ6WiNBIPgl-uHGqt33k5Ard5D9SbRPj5bY-yJR-ynAYgZg_4q1XF_dfC-hTgS1zymcklE2KCAMSr7T75o3elczgUrcXs8D3tyLmhG_Ev0guAMlPe2P7BklxngqWdnVyJIa6SXi4GhBxlUGXPEt7oAZMybxjnpS3Ipv-TpI0CX5sAygbGUXwNg=&p=11&fvj=0&vjs=3,Not found,0
32,p_ce197a9dbc248128,Axia Women's Health,"Bayonne, NJ",Senior Practice Administrator,30+ days ago,2020-05-15,/company/Axia-Women's-Health/jobs/Senior-Practice-Administrator-ce197a9dbc248128?fccid=ae46a5b53647ee65&vjs=3,Not found,0
33,p_38b54e6758101b1f,Hartford HealthCare Corp.,"Bridgeport, CT 06606","Director, Strategic Planning and Development, Fairfield Regi...",30+ days ago,2020-05-15,/rc/clk?jk=38b54e6758101b1f&fccid=b248c1298917ecc7&vjs=3,Not found,0
34,p_17005290747ea3e2,Grant Thornton,"New York, NY",Financial Advisory Services Diligence Senior Manager (Health...,30+ days ago,2020-05-15,/rc/clk?jk=17005290747ea3e2&fccid=7ac82fceed64aa81&vjs=3,Not found,0
35,p_3086859b5715f369,GRASSI,"New York, NY 10022 (Midtown area)",Real Estate Tax Principal,3 days ago,2020-05-15,/rc/clk?jk=3086859b5715f369&fccid=9f222e6d6bdc266e&vjs=3,Not found,0
36,p_cd34440b86e9c261,Catalent Pharma Solutions,"Somerset, NJ 08873",Assistant General Counsel,30+ days ago,2020-05-15,/rc/clk?jk=cd34440b86e9c261&fccid=fe0933928b3bb3ad&vjs=3,Not found,0
37,p_c1021fae40fb0387,ORIX,"Chester, PA","Banker, Vice President",14 days ago,2020-05-15,/rc/clk?jk=c1021fae40fb0387&fccid=435b67b42a7b7803&vjs=3,Not found,0
38,p_84498b04663db5c7,Axia Women's Health,"Bayonne, NJ 07002",Nurse Administrator,21 days ago,2020-05-15,/company/Axia-Women's-Health/jobs/Nurse-Administrator-84498b04663db5c7?fccid=ae46a5b53647ee65&vjs=3,Not found,0
39,p_6d43898bf540a32d,New Era Technology,"Parsippany, NJ",Technical Project Manager,30+ days ago,2020-05-15,/rc/clk?jk=6d43898bf540a32d&fccid=49085efec9910567&vjs=3,Not found,0
40,p_9bea37cce7de0dcc,"WIRB-Copernicus Group, Inc.","Princeton, NJ","VP, Compensation, Benefits & HRIS",7 days ago,2020-05-15,/rc/clk?jk=9bea37cce7de0dcc&fccid=0e7a3da5d30a1be5&vjs=3,Not found,0
41,p_37d538193a9c52a6,"Alta Hospital Systems, LLC","Springfield, PA",Corporate Counsel of Managed Care,8 days ago,2020-05-15,/company/East-Connecticut-Health-Network/jobs/Corporate-Counsel-Managed-Care-37d538193a9c52a6?fccid=ce6291eb10ac3890&vjs=3,Not found,0
42,pj_878e180acdaccf12,Testing Centers of America,"King of Prussia, PA",Chief Executive Officer,1 day ago,2020-05-15,/pagead/clk?mo=r&ad=-6NYlbfkN0Dx0GoiNX9h-zZrnOAAXGM__uzOpWkPF_tkiRA3-eRCCiRJEM5stoV9t7SFD56jHmZrP1OUvqV-Z-7IOTzW5mLYof1DsLdgHSellrvJCi743znbyQ8R9vcjm9F3bPHapn2K1gQaetEOR4jP451xdIunPmtyqgR3ZVw2Ps-jV2A7Zqh5iTE4VuzZuWjnQtv1C_pZdwY_ZE4kA_fAYekGnQd-NhuLM4b4uyDjcdcdIJr9UUIkmTKJiUAorZuhbVzm2jxi9gwkQkhK3bsZdHyYSf0bIH62BWA8vT8z2RTdhZhpaDI0FBoNErIV6hlGzbQIpEc-SKa1DvapSxpx4vjaQ5E2eYSNCGPtHXL3lF_relD1jD_iOl2-47o6M3Fy1z3Ivi34x3IUAUW9MdpGTHPH1rnHsBZIcEh7xofZfD1q1HXxWiXaDmNVDldB_TRhwwGJDu34mVFfYNjYrHLcYAFY7eYg-xWfETAiNYPrezRdsiAwwW6EBDscfg2AC0cOTcEuiPO-RBzPwDw0hdq8VufpW28V0turJnxFzXu_dKt5W8bAZZaUwVkrYTvwUVXYU88dMfrjvma0VTNul2snMnL3NFd3p9pw25hKPxJGA6MwMBE8enb-0KsGcyiSbxPIcds2295cJM_eA7BzNHOMW35-8b1etYLyObiBcaIP_s5wbfLTOwgFzq_ZCzFYAe9-UiALzRrR4UokNSAYKju56WSl6l8JyMwak3iTHNRPtj7461ky_nHYXYGq0-cNyNRC8QPPWsrrqAwyP_w4sE0tt6zIgR5PKgArHTQswGg=&p=11&fvj=1&vjs=3,Not found,0
44,p_b72c5ed256a18426,"Jefferson - Center City, Philadelphia, PA","Philadelphia, PA 19107 (City Center East area)",System Engineer Specialist - Information Services and Techno...,30+ days ago,2020-05-15,/rc/clk?jk=b72c5ed256a18426&fccid=cce48ad42816872f&vjs=3,Not found,0
45,p_b1d4905d7283bae4,RELX Group,"Philadelphia, PA",Finance Manager (Business Controller),30+ days ago,2020-05-15,/rc/clk?jk=b1d4905d7283bae4&fccid=06206ab329e0eb22&vjs=3,Not found,1
46,p_ce9f1bb857882364,RELX Group,"Philadelphia, PA",Senior Systems Engineer,30+ days ago,2020-05-15,/rc/clk?jk=ce9f1bb857882364&fccid=06206ab329e0eb22&vjs=3,Not found,0
47,p_67e79d7db9278a66,Catalent Pharma Solutions,"Somerset, NJ 08873","Senior Counsel, Intellectual Property",2 days ago,2020-05-15,/rc/clk?jk=67e79d7db9278a66&fccid=fe0933928b3bb3ad&vjs=3,Not found,0
48,p_b4b2fbd521560d43,Catalent Pharma Solutions,"Somerset, NJ 08873",Senior HRIS Integrations Analyst,30+ days ago,2020-05-15,/rc/clk?jk=b4b2fbd521560d43&fccid=fe0933928b3bb3ad&vjs=3,Not found,0
51,pj_84498b04663db5c7,Axia Women's Health,"Bayonne, NJ 07002",Nurse Administrator,21 days ago,2020-05-15,/pagead/clk?mo=r&ad=-6NYlbfkN0Cvuy3GE8GerSGAZStmSI64kdCoOBno9FKZ0eYIj5DaRYAwwVgRRJjM4rBSy0v8T-1r_6qUsLS6RBEn5jTZSuHxDksw-nJF3jJENzwhCWWGX8mcXCNhgGfzUlRopcuTuI5dfB-8CY-4bB6PSHpqIl15KJ9PlgpgL2iBIw0WqloFXF1EeKji916snv5LD2-M-jFYYZiM15GXMtOjg_Vh_BhZ0obFClFVwboesFEu3P-7vMsKQdeO2JmbkjMwlY6eBfjJlzNX1uAyWNNzwGBjcEQZXUQKvhczAbdsSdvuE3MG5NzpGRGMMA5krijmi1KTlXctneQC2jIY3WrrviOuRBYqZ3qVzghs_Nw_y8y9tCVbWFUi37DXbg2KGNNsUzGnBw_v0PrH3MgO1jXlpGCxl1bqF-h66X5nfzCei5YERP0x2Pm46ek_A2UDspxvZ7zBM7gdfgcU23BkSu_bNywwSnblT_3jaUmZj5WT7V7_q2bdPiDvMt-USMbPIF9hpPQNQryULWb1zXeIQwyaTaDgN1F4H6Ct9FMSfvVC4iRYDHH7kYZeuEJl0wfsC3ewY0vLu4m8Ki5lQQ7KfyrxJczjIiEDAhj3HdiRBDsyhilaaEajQGbzaEi9G4xdB-ZJ4WRGXEZ0ejZ7xDaoxjGSgrI4M33lESv5fIK5UQQsJ4CNzDnvO7WpvNfqRu_MdpsncGR2w0XAJBm9I7YKuAZVLDupuUjpOk7xbdB-2mG_1y_MfT2qYZkv85Q_Ung0friJQtGti0ew4LFfeRpEpyPPuV4EzYOZ&p=8&fvj=1&vjs=3,Not found,0
52,pj_2d26cb55db9a1a18,NewCareers,"Long Island City, NY",CFO Regional Nursing Home Group -Nursing Home experience is...,8 days ago,2020-05-15,/pagead/clk?mo=r&ad=-6NYlbfkN0Bjiyhcpv8gxDD8fdIe3FrBcqNlTJ9ClQKIdpXLARihlvdTWrPsEQj_yOw-2Xl7mg8Jhdsg2uLyjRZhr84eU9jtsA2qJafKXf3jKiGJcbG25aPnpiFAH_0ShEs-EkQWCpDC0ly501HAtD2d_KT3ZMAXbJcs94DOhTJa_6u53mziS7zdU_Ol2fJB_9aACz0VvHuieuusRM4E37ZM9fQ8mxlS_fs7PPAIa1AKJ5zCjUACZ_tEPRwA4VWc5Gnsi3Zkuc1kloPO4v2HzJUtOt_J3Jv4sARPBlOHANNNl5YyLgeNGGnqMh5LS0KXegm6Fg_fzcmrm597FmV4VnbkmQrTgv7PBh5pDduwjY_Y0d4t8CCmae-ZfHnV4MhAGCP1hERCB2racNhqe0TzojUZimIQf-Q1RAqhfZbT1303XSQkaCgRlRTT-knzHSgBMhDgpMq2cF8oC8JaedBBXldvHqKOkuRJTg_WvVmXwbSWJvt-W8Slxu_M_S-SBHPmWZ6sLeWCKUpg3FJ7EpVwxCcMRylX2VcbXxvdXgk6In_bkPmIBL0Lubdeolco8MFJYGl8ja6vV6Cn2kc5kYOUQTG93zjFmG0lx6nZLyJwmVzf2vLw4NO9DdiBVyQTVF1aA49qvzlN2WZk9kcgd9NJRsV8_1yrsJn4XzPfela2yM58AOxg2L9Ke-3SuPCyDofl7GHpPmXcENasfdxX88U4fAvKDT_OT8SBTZ8kjCFHxmQfOW8oxvyxT0R5N2pm4EYmVg5zv0l9xGWwdCSGeZ9CrtutlYkZNXB_FP6XjArEaQLaRC3tVszb1hJUiTqJOBxvtRkCdD5QFPb7y9qrQPEXnVxcMdYQQDntqQO8mgUVXgAbxJ0MoMpm-_H2dRgDqPzxZiu5FP9E8GdZ4rw4THgQPV5WsHIkibIcY88aOSRRwjJKG39XI6IyXcwd9b1YBnFgfunPkGV-u7XvWSPtgtg7KLE__U1GZmNxZuMo-TYEDkvGRQTJwi0nkWgCVtarglHhdHXtR20dUQGGXRKQgSew_Q==&p=9&fvj=0&vjs=3,Not found,0
53,pj_f82e8190416cb162,Kforce,"Secaucus, NJ 07094",Senior Financial Analyst - M&A,30+ days ago,2020-05-15,/pagead/clk?mo=r&ad=-6NYlbfkN0C5IatSLh_Ak1q39eQQoPIxD737RW9NeiYGvIRXkrLjEKQldVMIR3Zzy_IOBPbW8aql14WfTY9Wi6udhXYONr_oTESrHW0VXPeGlwSTCmITu3RK_heroYVV4pZEjaGOsG8-M2Fe7YdR1NXrd_0iTlwlCrmAOa58TbilZHNMajosvwTM-evSfU-OlCmJ8GDQYu5Qyq_KaJKYTPIxM_W4VvUTew_SbWRBTsABbCdUY-V-UsPNy0Bl-vlG1TNxgY4eqyMBd8ryOkCOO547UkgoW9TzciVFJj8p3YaCkY8wkq7Q5ILSv3RcrK3LY_upiHrAquU9vtcfQTIq6OU0PrsBg4otRwGiqKPt1Jb6UoIDh_Bm0qpe7QrYh8CYOYMEmepTR09sA8vXxT7_AfsLP8MWRHJJ8cX8YnPxFQMQEDnuEzZB2n1fELhdBuiR67tLAPodX_JSRTNPNAbCedwbICWuQ56vGyh56CIuPMBZ9KCGS7ePQH4HWUCayyRXg7m2BpXxPXakHIwtR2TIxl2nc_00BEF8_L7B6ltgwBIrhrfRkW0Vjg4oxf9el85XPJOkWA3VT32BuJb6IJeE5hF1jpQbltyYUFnUpjPO1y4H0owfb46TwNgy8syYmVpYbid9AsBGlFRlH79HhXwzzMAPNobNnZAlj0jvFM4G1Zoe8-tGh5JhJkvBfEH_dSyZ0OnWDCqXvNr2-tqWa-ougfnU6qdc8VtcySCbk6AL1-eae-uqTDfYk9liRa96SlcLpv5sPHpDhniEZ-Q-cif0fS0X7f0OYc-wMJNorND7KToueF2Rbw5Q8mpBh1jAkZr_1DPnq46G9gnSuK06eE46zv7AOtkeYgHVuuDdGmjRBdIAM-FbXBHaLKEwevz2gzX0uA3V8aXVTSK-t5qAVQp60RR2mxVyWvm9&p=10&fvj=0&vjs=3,Not found,0
54,pj_f397852fafbc4f7e,Beacon Hill Staffing Group,"Philadelphia, PA",Voice Engineer,Today,2020-05-15,/pagead/clk?mo=r&ad=-6NYlbfkN0AEoGMyuqqa4fuJ8ioA0yHILhRJp52EdX7fBgN-aGi6iG_TwnhJPFa0zxjN1Pim6CqiwClfQ8MaOBOcJIXHTWZPt5-thfhIMMn6TYNfIlw996xr2xImtz0yogLWClPWFM0AY3x4T1QMsCJIhZy6f2Zm3IZsg8qeLj3hkFPUE6PApGO-LIleWeT7XNKEaF5sE1cqD9MwaKMpKUKA52M2iX4kjcd8NvWNDOIfH4mSj8Ww8S0wb37Pn5ke-GgfqkG3KktFjephaL9JvVmV9i53u4mxp0uWXTpIg57J3jBXlSCudn9rbB9Lbq6H1d1R1SE8-tpEPo4m2pFYbRuOoEsQ-tnhbaft16wOmHtf-wnQsEFKvLOnB_QIyHQEYDuHkEMltB7bE0o3pHUqhDkvNM0s9vPeBPzzbjFMKSlIgwaPXy_2d02GsnDUq_05V9TGt01QSOtxL0z67zYohKUFmmYW5Fh8a2-GNb_UPeNOE3Q9_TwLt9VUl2Fw6QU0Wm-UOLFuLmcCYe-aQBbZRIspNZK2kYiRa4KFwQSX_UbnmHxhC1ixqf64nBtbNQYYWoeqlYUoYxJGdfQiyrjaFhk4fVH6iAbeq7leHV8lRDA7pwYZ7O7jlN2eIRCbpdc6auxT3RVmyFpY3aB3OMThMm2NxGy2Wp8opz_6BPtUV8Ng3yweBEq1GDtI78mq2HS2rHLqmw58VMe_JGvawapwo242QRZFcaB0lrnmTOBlzuemBtM4sMueX8yONvrLgpcPZ9QPF9cIZfqGILBSXiPtfkJ_pvv5kso2Bt_gRSe39EzZBUSMK0jGMOhR6cF8Obg6&p=11&fvj=0&vjs=3,Not found,0
74,p_fedc453631de4a48,The Johns Hopkins Hospital (Baltimore),"Hanover, MD",Medicare STARS Specialist,1 day ago,2020-05-15,/rc/clk?jk=fedc453631de4a48&fccid=b0680d4f73f9f8d6&vjs=3,Not found,0
79,pj_2507ba81f5658628,Axia Women's Health,"Voorhees, NJ 08043",Project Manager,29 days ago,2020-05-15,/pagead/clk?mo=r&ad=-6NYlbfkN0Cvuy3GE8GerSGAZStmSI64kdCoOBno9FKZ0eYIj5DaRYAwwVgRRJjMhcZA2oGW1SmQAJRbDs4DHT9BWfC1izhqltxjnDCnIAYJoVA5OeQjwsmHoqYty0tLmMecxeNMZt5Rp0xWrAFKEtbeMyKZaUfdq0VliQs_hENF84h1bFeZKT-cpaOm0mj5zO7BOI8lz7Sc-GWI8ID-7TfudwLjL0rxQAp76RqlU7pkRky_SnjHHJjXyoVz0-o2E9qNR_gUOOX8zY1JX4pbcVExgi6d_1Sk37H1vekDH9FT8NWIhhhA-Enwr3BJWaAYAosRhkwesaYnbUKPn8khAPFwjvaw7KZhFE10h5L2maR94oWh2iGUhV__AOx3GJs9cCUex432lrpJ6y98FkS2Yi_D_7splsRFYgTY2CXzuKqRQKEmpI9T5NaVVXP68gJFfM7xEIlKa8dNxWqCRzSo6DizfHyHCCQHrW8P7M57ww8Pzc2-CCVjNohU1pgJTD0AQb4OuLjFq7NTNMNfl4drv91FX1yMRFCRzl9bgtj-ZKn5aQBSjwQXjveymDj4Y_6gbIkNcRMwbaslk0GH6BLHkE4RkEAEyrcxNUnM9pFJSDt8hRUL8V2xBHMatZLen4hpBUFKyUdtpvoPV1VPCXsVoYYjUq0ATccvdPeGNI_Jn0eb_1Ok7tGRgnzzDe0rNkrvHeMl3R107IGwEt9JZL4crJcQEptyyS5Y_kEczLcF4fuMdcyOi2QSMqQBYcfp2YHoj_vMBZq_YSi9bDJQO_6CUA==&p=0&fvj=1&vjs=3,Not found,0
98,p_ab0793823ddb7313,MENTOR NETWORK,"Pikesville, MD",RN Quality Improvement Manager,10 days ago,2020-05-15,/rc/clk?jk=ab0793823ddb7313&fccid=7ff0a38935562706&vjs=3,Not found,0
110,pj_044c7c3fd3725dd3,Confidential,"Fort Myers, FL 33907",USA Transformation CIO,4 days ago,2020-05-15,/pagead/clk?mo=r&ad=-6NYlbfkN0BIkppMgnn9eoXio3teqtHz6Pry7kzSFSkiZLJt_ntdDqDc2-d-faQI4SsMtoink6hmcepKM9Tn8uiHDO6TeDL9kPtuo1Uzy4mWSU9ycGz92WbRqJryg0X0shfvqObHIJ7hCuMJ6lwP0sunnZIV0qwJgCfx3X9VA5W1mi8OOnpWB7JMsd3oljhJrQOlq6dJTXSnYAIXQxHWTS9uCxGLQVKv9asMw8cq3bzxKcc0fYXl2Ltdf94JK2uJPM4WeOPbuwyGDNwfrzRLtvmyDM3C_9glTooCrMpR0qnOrQ24lWi41_O1zD5SlRBHnmIDXdQEq24WvSTdCbTcQiKIX9iq0wJMI2lUdeT5JPbH3iJqP2VRYyoq7_GhF7e2MWJVU30XjPOioF9L5zRuT3Ur7NOu0CxRjwguUtU5xxLnthh9-RlcbuFVPXOhRWua0_wOgKNFnHmeoQ_psVRinLAtfv-yR4NbaANoEI4LW6OBpIc9x0CPB7cJZR1cX4HYeE8o8NxzgJGLeyX_KwFFlUTvukKHbjPzPe75NU8Aatg6LYwu7trmmzYSrYsR_yjkXlhlRvrt7UNguSnUys7M_4_yDj_Yq_w-d0JSPAx-HzFB0BZTTyTseaiMS2ojsPiLWLk-5G1NcM1X80zS2LKiiewwZ-JRwvl3K0MkPQo_7ezlvioxWOqpKoRSvyYs-LO191bHuG4HW75hNvqWxM2q73sPzkWDMkWI_ljnHou1_5USDqRS3ruZF_Vcfz-SkDzmQEVQZthU9F0cBqFh5Y4IXg==&p=0&fvj=1&vjs=3,Not found,0
111,pj_3f8e23b7b51cedc4,Latitude,"Miami, FL",Healthcare Consulting Attorney,30+ days ago,2020-05-15,/pagead/clk?mo=r&ad=-6NYlbfkN0Bm6HJxcY0Tqjaa3n41Rv68Ym0q5XegBsUyML2tebqrB83pUtapxUnCKP8T4mA5cPosDyMovaz_ImrThsLe3ypjLgqs8Pnv8vrmMGg1G1yP7jdzqEn53ZwXyLA22dXuQYaRdD_G7y3ATVW9PZkT4HyaYas39Z12Ikbz2rKc3tHfkp0F-TYQAYO4Ui_vtjHkwbfDlYCvV-Lo2sYLUlspEo7oOIkEyNafvo6s7iNDdBZu10HVNdLHQ1QD9ehqesXu6hg0UkaitegrAyraETBLsyrNFb-1yp3M6GgNWybReK-BRPfj4sUIRW9NOEC0ntsFQkQhuPSi85efwHOCoGZ_S_KL4y4RvWgLUSez6PT7BuMvTXgs97rHeW6ou6NkdpA3ikCG5nnx84pHiYyrfrGeR8uMY97F-gzaDFlWpoyO2A42kylSTgz7sp5pXsRny8evcLh0Raww2eBaqpm7SnMNCG4F3Y7Uvxm57k_oJolkV0dkWJvB8ww-PXFl2_n6hfCAp1OyDIlLnhLwM7TeFdWZtTMsgJYuWjihQPWHndkGCFGcIceDU6KnILIGGNAb2UD7VG0gzOMNs-zzIGFlYA_fRS50ONQqgGkFlleBBFtPaHm24YvcHMhdvI6ZAImwdqyVWBLXO2LJqpbgK397vxbfq5aUA1AYwlj_wuxcwm3wtZTzQdj5I_bkm6coTinNh1TDcuzv3wGabZ75qxTPoQw_knD-s4_5pCa_ld2K7XpkYssyLfeGRPm4jPJaeAZHKX8p3iuPQiwNPnN4Cj8bmlmvMR5wDRfBvZrzKjNs3xF8iRiga1dZmgLhRe62FDa_0DEZfmE=&p=1&fvj=0&vjs=3,Not found,0
112,p_49aaf8578188abaf,HMC,"Sarasota, FL",Medical Office Consultant (Remote),6 days ago,2020-05-15,/company/HMC/jobs/Medical-Office-Consultant-49aaf8578188abaf?fccid=52b00718038d3fb4&vjs=3,Not found,0
113,p_0971ee74d57e0f48,Quigley Health Services,"Fort Myers, FL 33907",Mergers and Integration Project Manager,14 days ago,2020-05-15,/rc/clk?jk=0971ee74d57e0f48&fccid=ab9762d31a90d898&vjs=3,Not found,1
114,p_8c2752d1b23fc396,Ideal Image Development Corporation,"Tampa, FL 33609 (Oakford Park area)",Corporate Counsel,1 day ago,2020-05-15,/rc/clk?jk=8c2752d1b23fc396&fccid=ac24349a206319d7&vjs=3,Not found,0
115,p_b90f19ba1369dc97,Mertz Taggart - Healthcare Mergers and Acquisition...,"Fort Myers, FL 33901",Marketing Coordinator,3 days ago,2020-05-15,/company/Mertz-Taggart/jobs/Marketing-Coordinator-b90f19ba1369dc97?fccid=05eef37f50615e15&vjs=3,Not found,0
116,p_61ac7ac5700ad7dc,Health First,"Melbourne, FL 32901",Director Strategy - Holmes Regional Administration,30+ days ago,2020-05-15,/rc/clk?jk=61ac7ac5700ad7dc&fccid=5a0494c79fb9f08a&vjs=3,Not found,0
117,p_725ea61e56f89a40,Guidehouse,"Tampa, FL 33607 (Tampa International Airport Area area)",Commercial Health Performance Excellence Director Prof. Hour...,2 days ago,2020-05-15,/rc/clk?jk=725ea61e56f89a40&fccid=b8fdf400786b78b1&vjs=3,Not found,0
118,p_f2ab948d1451ee5c,CentralSquare Technologies,"Lake Mary, FL 32746","Manager, Pricing",30+ days ago,2020-05-15,/rc/clk?jk=f2ab948d1451ee5c&fccid=24f8cd57633df8fb&vjs=3,Not found,0
119,p_245b3a953f02d5f4,Sanitas Medical Center,"Miami, FL 33122",Corporate Development Manager,30+ days ago,2020-05-15,/rc/clk?jk=245b3a953f02d5f4&fccid=4f705af76279b6e1&vjs=3,Not found,0
120,p_d2a6a97cf47950fb,CohnReznick LLP,"Miami, FL",Transactional Advisory Services - Manager,Today,2020-05-15,/rc/clk?jk=d2a6a97cf47950fb&fccid=f0bade0760e83581&vjs=3,Not found,0
121,p_22118cfb7f2037f3,CohnReznick,"Miami, FL",Transactional Advisory Services - Manager,30+ days ago,2020-05-15,/rc/clk?jk=22118cfb7f2037f3&fccid=f0bade0760e83581&vjs=3,Not found,0
124,p_f3b91bbf43f71acd,CohnReznick,"Miami, FL",Transactional Advisory Services - Senior Associate,30+ days ago,2020-05-15,/rc/clk?jk=f3b91bbf43f71acd&fccid=f0bade0760e83581&vjs=3,Not found,0
125,p_85bd648e7be9effd,JP Morgan Chase,"Tampa, FL 33610",Technology Workstream Lead,30+ days ago,2020-05-15,/rc/clk?jk=85bd648e7be9effd&fccid=c46d0116f6e69eae&vjs=3,Not found,0
126,p_6189543913e900bc,Milliman,"Tampa, FL 33607 (Tampa International Airport Area area)","Health Consulting Actuary - Tampa, FL",30+ days ago,2020-05-15,/rc/clk?jk=6189543913e900bc&fccid=3d93143c99ff89a3&vjs=3,Not found,0
127,p_42f62fed00824978,"Avante Group, Inc.","Orlando, FL 32809",In-House Health Care Corporate Paralegal,30+ days ago,2020-05-15,/rc/clk?jk=42f62fed00824978&fccid=09d24766f3fa5e65&vjs=3,Not found,0
128,p_30dec6cb1ba949b5,Milliman,"Tampa, FL 33607 (Tampa International Airport Area area)","Life Consulting Actuary – Tampa, FL",30+ days ago,2020-05-15,/rc/clk?jk=30dec6cb1ba949b5&fccid=3d93143c99ff89a3&vjs=3,Not found,0
129,pj_b90f19ba1369dc97,Mertz Taggart - Healthcare Mergers and Acquisitions,"Fort Myers, FL 33901",Marketing Coordinator,3 days ago,2020-05-15,/pagead/clk?mo=r&ad=-6NYlbfkN0BSpE_WuPaaP7hm7MFrUPH-xTjE2EhuCNmOFDZpXsJ_-jPk2E_SO9L2t2MIgttj6r5zkdHmggpoV4Gdjnhio--ZDD1DGeoV4wT6DwKAAfKgkbmgECB2vMSwtasHDuhxQz4apOUIE1Vl8dgl07vagtzXiS7o_jfG173J0-Bh4yBLLMyQWYBTHhR595IGCNbb7k1pkokckVF5xo1E3hghAATlMOBhPSx6DbyjZplz1bhQzaIjSyJYUAsudaSWMs2SUl0dnwY4-SdWk5dH_kgT8d5wGAtdrZtqRkj84lrgSVeKzaQVLEnoMwMn8G5bJ7xEEmFtnJ9MZSCZw90Be7wHbeuUZIjO1ygw10oiZtuiSjvs6s8WlcGQygefJAwIKbw4w0-OhUsrF7c0v-Urwjf71a0A6wM7hgFtP1nD_-pcrloChQMQAHYOgXsYgnEmLmtekmTaNXLojCVnR_lUt4dHzC2Y6fylLOIbo6RhAus5utsdZ_PJiBbLEzS6edtQjhtamzx5S0EBISaYWMZ8FLI0S3E4AncOHTacXsKF01hLUINVUYq_8sL8JlBcTmb8XtRm82vI6P8DAo4MFRfEVUYQBk_zYNsAxVdHOyPLZs8Fb-DW_u7VibfJyHs3aOLfWsC2Vwj9QxJ6k61lB47apkd1yH75OqrWXKjCjzUImA_aB_7FUKpcYo7BYOE7HYGfI0ce0fJa0n1vMF0WgaiYsmIPZogpuW0AcwEKvTgxNAXLF0OAixzUAI-WeiSIl_ZrDBHJhddURnzqkWtU5w==&p=7&fvj=1&vjs=3,Not found,0
130,pj_ba7f173f8c85d1ec,Acuity Healthcare,"Lakewood Ranch, FL",Regional Director of Operations / Dentistry / Outpatient,3 days ago,2020-05-15,/pagead/clk?mo=r&ad=-6NYlbfkN0B2LP6KtwgLMWcIJbzQK4y118hUYa2NHT0ELzb4aR6nDrO9_32R0Ltafm3VCcgPGnhhCMd-FFYCVi2CzEQyDoZWqmdLbrpUPdoEfLgzlZyBwIcdPqPkF5yjUuWyI4VV1ixkiFTmmG6KmphxB8iA1IJ5WxkwiswI4ByPaKyv1lM1ma0b2xXY61UeQLRIv3hwJIw6LCwQBTyyQ6qbjx0Jgehf-yVNsEj5zSIYIC_nBTA1DdlQ2rFV0gglXxuQT11Q3iWM7LnSXCyhoUlyUAdGtYA0_ezJsk8jpgBa1KWkBFZLZjvkuLx-sMkLgf6VJkBJAgeIQG0HmewlLSywG5M7lGGv6NAtJQVImr_2828_XEH3dfb9Z6GC4qS2UDXyt-cX-eK0EPpFapywLJqRn8Nfi1YMvRbh88vt52x4-FiNYCJgdILG4SFCUHeA3ieFmVRNhhiBe-2TG1U3XNQXNeCMHML4QpA1E4XpSGvjIwlyHh0NTwAt8qqkrwMI-lHSygRlaASQ5M_et4cApAp4hl-npLvO3SETKkdrq870PrLa_fKE5B3ARng-ashiClNtC0GRloWMV_oG2KfjBmE4PLdg5euXFo9ZNbE9l6vxd662BrFO6UYc0FHsE5hvdvBRHGEp0lmUjiaPtve1xuKK_o3gsqIkuGmQFV2K4rKSLQ4suw8-ijsh_TJow5yVJ3ezD6yAfMlpjhlxDyUBtT05ogDifUtaZ_xI6M3gfPtv1GZZeZXgRzVwJiI_5NMz&p=8&fvj=0&vjs=3,Not found,0
131,pj_44e17bfa457da140,Noor Staffing Group,"Boca Raton, FL",Attorney,30+ days ago,2020-05-15,/pagead/clk?mo=r&ad=-6NYlbfkN0CM_eTyMiR75OVm4uzDVhyUn96FPp4qQSKSFh4dZmzy0PhtDiHkApy_C-BrbgyVotxKSgJ0MvVTsEu0CFi71Dwv5mMSrqYOPTYfEkW1qI5t8l6RGpjus9KEfXZ_dRooXTm7UZx43TiGEra8GCJ0P5SZqhR7dM2a0pYT-DGT8rBG09-wV7b-oXoeFz2ZCNCio2xpcObVznrx5XxXI--iYKn29KE1zUAmoUvpyPk1cpkyD15Xq9Yt-pZYghKjEmi0FfpKpe4DRxz--UWWAXpXEBVQ6vd3QZWybeeBfeB-X5fsEuq_R0rM-FyIkNf-5jdmSp4ZmPAhTRa1i3EwB_HicfE675wurfNR3RzEUpeRlMAus2qJN89PTsCp17muebpzGEZAHdPqVjUTx7G55n-ZrE61r5hOOffUlfgIrG2MnjwW0cAsKtE1MfyOOucjaSbF_kIdO6U8tuT5l5fgvDVOVjIkQLJsSKVIljN-XsHWC_ra3Kdd06YgLdJicSodWfIBPqLaM0pGuegVk_cS9QwIY4gOrbUQgsJjlcqtChOFwHZ7rIYBq1pax9LTu-uevQg4zPFTrq8sauJ1arFQnSw-xtqeLePQVjfUjnNp2SNi3vjNbJnQda1d_4MA1Rw348CQgbZB20yi_BFr6Qd4vm9bLxb9r-27zSZXJpL0SoAdQIAqFWMt3IfoAVCP7-ttMsPiAbGEQBFge1DFc7BH-HG9Cg_a-tYuZ0kUbzMie1IpaKL04ivYyk16-GAexT43hxBISPlpekOjz91CSpf8TrgY9sQP&p=9&fvj=1&vjs=3,Not found,0
132,pj_44e2ff0c23d97f08,"Exact Recruiting, A Simione Talent Solution","Sunrise, FL 33323",Chief Financial Officer Home Care,30+ days ago,2020-05-15,/pagead/clk?mo=r&ad=-6NYlbfkN0BBNIyhB2kkEhZeQ2ubVBLBl3tdvibBz9bBWcK2FUmhjbnD66cFc4slNOBVWoZ4ja86L-GmFD_A7In2xTugSRIWfoxPL5-39qNGqeP2MFuXXdkSTWWVl4FoHC2gS5cly1Rl56Mxw4D92c3cdzwkuTrNgdhf1gW7v9i9EgZDKKUoIRUSyH5Lj_hFwPDb4WMebpETSIgLO1eD49ygcU8Vjk-zpnbXa7SRhsxeTn88dJHuuMqTdLsZDQSOOUvay9W2EmBAqfDzJ6dcnyt5lKdFehdHc_WKjyvGAKzTKA64eVyB-HN56nEDWD1qn28EtAhQ1ZxQ7NAe7_HgjkKO49JhV3FNXj7vpsD_Ln2DUnj3NBaJWpilMHCkcxw_Kvu25xNayQAhW_0fukCtEFQtVPyOisk08M6ppZkgQpom1lqu2ZIZIliRaWNFqlGtrQBD6gZoOKz9aZG75OLPgp3q05WiBPUyWtX-GmVvftLDPt_Y5mRiTSVkWVVaD7OkqOjJC-TMKoFsAqI5LnMyI45bAiBuolvB8W7dHO7kgAlso6iTXVldy7gTwFND1k7AM8mMRWgirF1O-t5R_tT8c4K4DMzNA5t1SEV0A3C7MqiRP_rvm36_1tUDpM6GPVi-U3HH2YwlQ3dKg0Gg5IcWWG1cnWx8NjFWif_0jkuhsmLA3T3qZGOAZg7KyMtsuA9yOZuY7KviTvpU0p_x-Us00ahLnez-XCzGDy6iVrN-f5ruEi0QWkKcEWv2EavocYDw5Gl_fMH9cCqzSDy4SGq9sWBruH6Qix1wUAfwPxn3MvBQsN9DKhrh5N1e864u43kvmhH93K3OEOzFYnUis9rr7p5ITcPpznOpKAVyrdWoH8lEbB37_K4QbLXV4XGowcl2IuNU5EihSAVkrXdG_s9OeZ2PNsUOtGgkFgEh5icIJTG04_PKEfpCtp1H2cd2d6CeGBZN1qbhRx02NmlZFYpttrXlcdsUgCLVCq0bDATJLkXlX_n9nJudsca7LoCG7nOt0UD7CsJMy9o_Yoee1urEzt-A2cpygZPLq5TOzxDnDL7d61x1As3NT2KGStS-3VAcvHu_2dpBccTM5slPIZ4Y-3Had2oDnweu8Ie-vFwLHTTTMRZjTgzcCly7iHfa0CsDeZ3cpqvVeIClrYUyUrW9KoGW8SPFx6xg70TmT8v4MQYa-Z85kT3NmwtWnc3TFMMylUncIYj8agcQjN8ZhRT0wGOc4Wp1WZPuJR81KC4OCZVnApCl078k_Ft1uoHWUFO9c2bQDn8xvlk=&p=10&fvj=0&vjs=3,Not found,0
133,pj_474978691b982034,Creative Financial Staffing,"Orlando, FL 32885",Senior Accountant - PE backed firm,30+ days ago,2020-05-15,/pagead/clk?mo=r&ad=-6NYlbfkN0B2LP6KtwgLMWcIJbzQK4y118hUYa2NHT0ELzb4aR6nDrO9_32R0LtazKJS8bFQ05opOKsQtqsWYprTxQ_O-MQHWou1_IdycUL6dZ-ZqRyPmky0zFcPwIUu4m5JA7O7-aaKHI8-SzmS8f_vAZzZxxj7y_stLsvKheBFPxjGUMTNvAttfIkCbqI4nH224sUeP-UAiM5K0-1sRvEdPqxwfcY8B3dFaKTix7bbultmX-KmRUd9lcPnXJMjvBc6l0eO6slSjnjNr-AKTL9OfmfypP1vOMdhCvD9wxlE3Htq2rLmvQUGzyE9YxzNDyDE0EXc-jxEABhYPVL0Bs1mACKljtbk0gBbDeJMhvqtpSbMcI3eY0REqc_LepK4SLl6V0M2PUxQy7-BiuC0tTDMrcj07ECr-_sUG6Ly6vFu1c2-k4xWws5_6-_EgqrKl-MdrKjRYtiW2Cq_obEr7ZhVxpLIXW5B3h38uPefuncgZRfPJPOuo3Eci9r7CrNTBBZufBfovkhZeu9u9I3mn-q2ZML4_AGyqmKh8jZUrNrHUBCCMgDm5gHSEfjGf40L4rXPOnGVlTHrsgnx0JaQqc1kVB-2Myrp31_ZJ2I_Mw1_UFvdlCx6um7_lLeDUfbKLjCqmaadBavJZ87_eV4CdO7poDdhtw074FVx4kbPHZ84eaeE7OomwzkAKwrkD8OTHO4X_UPAAPfKsxmkaQuza-GRdEftGTLZObnBPDGjWtCf7aJ8dzVSYA==&p=11&fvj=0&vjs=3,Not found,0
134,pj_8b9ec5a355b87e3f,Latitude,"Nashville, TN 37203",Healthcare Consulting Attorney,8 days ago,2020-05-15,/pagead/clk?mo=r&ad=-6NYlbfkN0Bm6HJxcY0Tqjaa3n41Rv68Ym0q5XegBsUyML2tebqrB1Px6kUnQDr-SLQKYHq8Kyh36YLctXH38aY4X31mHma0IZUXErTTu5vnnTr78D07ilyWLnolV9SPJtoDqmwNe-qry8GA793gFlNNl8KlOBpcEQoW7OaWijfPL3UjTTWzhfOH-3cu6zKa5Wrn_GAutHFK3OctbdOsLikd-cysIGYmiQj6uWZXvVaeBSrHTArM_InEA2GEO3gJk9Sp_XGHUPhnkG1ZSaDWfjf35pSbWZTaWamoC22maEGc5BsgIjaTUuSZF73fG26SGnr4pwQ0kMY4Xa257Qxbu-JmQQVFOf21je1HO8_-G4BKCjSNV2Iryvd7aHVKOklx8O6Dr2mrw3zzq6OHyNRwqSzEv1PR2ThL1XomgLAu2bF5-BAZdjgg_ZAObBxj3uUQZBA1O2fkhEZ0W1dNhbOJW28_jn0JWzWdAslO9dUgg9azkaBwJvd2qxO24d484jUjPGma1UQwiYSys-zAo0v1mDUvuUre5ZieluFmaO5DX9UPNHbAAj_6J-kql9zApqPJ_o985aqUmsGTWA7xPvHGMhSK4NIcD4Mkzmbd_5oAVa76fdKy7Gk48KoSlCHnkW_fxU5zpSH2ULwd-PfrYMr8csGj5FuXjnGQXLW_5MaodD9eO6v0_kFe7yOiT1QB_nOUIW8Xj_OUpP25TEr2-CEZeHdVBcLw9tWkjdJU_5iTgNi6O80UeaG_qVGoiJT2fCRqLnB-I1aZqFNKBk9bnEqf4m1r3A8NtnDilM6uigEoNdy1a52I8WiWSFQx01gmmFCqY5RDIdXOoHg=&p=0&fvj=0&vjs=3,Not found,0
135,p_ce7bb04c76480152,The Kahlon Network,"Nashville, TN",HEALTHCARE TRANSACTIONS ATTORNEY,30+ days ago,2020-05-15,/rc/clk?jk=ce7bb04c76480152&fccid=ddd424ce9eb668b1&vjs=3,Not found,0
136,p_958ed25e22fe5425,"BKD, LLP","Nashville, TN 37203",Transaction Advisory Services/Financial Due Diligence Senior...,30+ days ago,2020-05-15,/rc/clk?jk=958ed25e22fe5425&fccid=78f5da1d6b254ce6&vjs=3,Not found,0
137,p_9a6c0679ea93fee4,DaVita,"Brentwood, TN 37027",Healthcare Information Manager,30+ days ago,2020-05-15,/rc/clk?jk=9a6c0679ea93fee4&fccid=4591d24972ae8f6f&vjs=3,Not found,0
138,p_90366cc4e79c9ca3,Benchmark International,"Nashville, TN 37203",Deal Analyst,21 days ago,2020-05-15,/rc/clk?jk=90366cc4e79c9ca3&fccid=f714145a88727193&vjs=3,Not found,0
139,p_7787dfdc9ef4faec,"LBMC, PC","Nashville, TN",Senior Manager- Healthcare Compensation Valuation,30+ days ago,2020-05-15,/rc/clk?jk=7787dfdc9ef4faec&fccid=2b8543a29c3cb817&vjs=3,Not found,0
140,p_978feb31d9140b69,Community Health Systems,"Franklin, TN",Sr Dir IS / Market CIO,30+ days ago,2020-05-15,/rc/clk?jk=978feb31d9140b69&fccid=e210693fb04ee70f&vjs=3,Not found,0
141,p_01baac26b2fd5064,"BKD, LLP","Nashville, TN 37203",Transaction Advisory Services/Financial Due Diligence Senior...,30+ days ago,2020-05-15,/rc/clk?jk=01baac26b2fd5064&fccid=78f5da1d6b254ce6&vjs=3,Not found,0
142,pj_72fe42fe01fa2029,Confidental Company,"Irvine, CA 92618 (Irvine Health and Science Complex area)",CEO National Healthcare Organization,7 days ago,2020-05-15,/pagead/clk?mo=r&ad=-6NYlbfkN0CQA-n_LV_NNy2ock_jAIJ67ReqIt4ARpLIGjlzGlKm_Vn89zPIV8CEB7WCvMgWs9RQYmNiOCOOl1XmUbR22Mu62G4UC3U2EhyGkID6hMOdeqxi1q-aYzfT7xDTuB4uQUILeKMsPeGYmyh17dvCr1sdKuceXjmKUPcfRMrRauVpoxQ5CBvG1KHqZDI4CCvvQsW3MSdN5mb-947cQmXcSFfkYnm4mViLe0uRt4CgeZ1tzlX5__Xee0iYUTG4pZk9krMQYK7ICFvGmgGEyQNx6rLo8mGCGijHWCu8E5hbiCkAo1yDRrvj7JNWNIgQnwg0VNklYf9dLw1IWleORnBL4vf9YCmJiyx43urOLp3ey-WbWw65GKFC6MYVdbB1g5jbfAIr8Lqbj8GxVaikyOLOnwOp2C5uw-MEZT4ojkesIG34ouaCB4oeNdTZCF9CJSPtSSol05f3Sa8a8EmhTC6cvjS-Xy5fHbbHGwkEor4gLPt7htO4BZCwbJAITy-yOR1fwMrgv_bmC9AEVW7iWXU_5cwwLf8mQfhh78f76-syRg5i55IB_ryQMLrmZyIZsyZL0wIMa_7AF_p1UabMO8HGhyezO7CnMfoGjAvMrHF3LKqLq0ILUadiLPQUSJqsGOTt-qOaZoSUsEyShcFnruX3Fbnm3enbzyJ943_2MfnvTGyl04sgdwUar59xmyXYB4Nw-aiWE3DrhhVcEfhdk05Rejm0ZxVxAaU9EZ0qXboxnXjGOqY2BkoYhB5RJc3zsjmOUJdPG5tJpMYxTsfSL9_4rjtK3itjb8iiBf4=&p=0&fvj=1&vjs=3,Not found,0
143,p_6414e495e26d1362,CITI,"San Francisco, CA","Banking, Capital Markets and Advisory (BCMA), Investment Ban...",7 days ago,2020-05-15,/rc/clk?jk=6414e495e26d1362&fccid=5bcd1ef0a7f4fb99&vjs=3,Not found,0
144,p_8e42e900ce34574b,Citi,"San Francisco, CA","Banking, Capital Markets and Advisory (BCMA) - Investment Ba...",1 day ago,2020-05-15,/rc/clk?jk=8e42e900ce34574b&fccid=5bcd1ef0a7f4fb99&vjs=3,Not found,0
145,p_7ab8c41a9c2d6f92,"Sheppard, Mullin, Richter & Hampton LLP","Los Angeles, CA 90067 (Century City area)",Mid-Level Healthcare Associate,3 days ago,2020-05-15,/rc/clk?jk=7ab8c41a9c2d6f92&fccid=bb2d122d5db79f03&vjs=3,Not found,0
146,p_929517dc5628473c,UnitedHealth Group,California,"Vice President, Compliance",Today,2020-05-15,/rc/clk?jk=929517dc5628473c&fccid=d3d3520998346837&vjs=3,Not found,0
147,p_a84d191c3efeeb5e,Wedbush Securities,"San Francisco, CA 94104 (Financial District area)",Investment Banking Analyst - Healthcare,30+ days ago,2020-05-15,/rc/clk?jk=a84d191c3efeeb5e&fccid=80ef378276ccd6eb&vjs=3,Not found,0
148,p_5a2e93e4341ad8f1,"Cowen, Inc","San Francisco, CA",Associate,30+ days ago,2020-05-15,/rc/clk?jk=5a2e93e4341ad8f1&fccid=77fef78ac719a2e2&vjs=3,Not found,0
149,p_6ec0d711dabab511,AMRI Global,"Albany, CA",Corporate Counsel,1 day ago,2020-05-15,/rc/clk?jk=6ec0d711dabab511&fccid=b6b0d00083de10f7&vjs=3,Not found,0
150,p_b517872da49a3935,Cepheid,"Sunnyvale, CA 94089","Sr. Director, Technology & Innovation",13 days ago,2020-05-15,/rc/clk?jk=b517872da49a3935&fccid=2dc2f35c3405a529&vjs=3,Not found,0
151,p_e3eaf20d4f53a3a3,"Harvey & Company, LLC","Newport Beach, CA 92660",Research Analyst,30+ days ago,2020-05-15,/rc/clk?jk=e3eaf20d4f53a3a3&fccid=0d9a7ce0717ba35d&vjs=3,Not found,0
152,p_47e0622f0578ccf0,Wedbush Securities,"San Francisco, CA 94104 (Financial District area)","Vice President Investment Banking, Healthcare",30+ days ago,2020-05-15,/rc/clk?jk=47e0622f0578ccf0&fccid=80ef378276ccd6eb&vjs=3,Not found,0
153,pj_d287d5b459ae7c14,Confidental Company,"Irvine, CA 92618 (Irvine Health and Science Complex area)",CFO National Healthcare Organization,2 days ago,2020-05-15,/pagead/clk?mo=r&ad=-6NYlbfkN0CQA-n_LV_NNy2ock_jAIJ67ReqIt4ARpLIGjlzGlKm_Vn89zPIV8CEj05ZoByPUbwN_LPIiGIqbw0mbIe5u4vvNy2lJI7uCqCV9RB38-DNVICKIh9tiuuM5t8DKsfJDa64xBzAkc6tOq8s8l9mQEo1Je2wt_46kbJIZHzx3LCOv321bh_ZYdjdtRa3_aYokHOrpTIi177TDlwi5RrH6sjtS4IO1hU9ZXJAQKaed6xgqCDLtkuQyx9mW1eWVb7o5bUvGNcBC2oNE1dQjcb8fH_s4Nec7NinOyz1dF0a45yZvdIQZvu_zIxNTAndqW_niXOXOU3sAju684zo4sb3NiyunAx5B86yaLgrPCBdw014nNROoa521Rv7PaQguas6EiNUQrRvgbxo8xhUycr4jpLq_CqYj_GltSAu2qVc_d9EXGVjuZgj1U8w35pEOPTwqZoyStVwbsOQN0hrRjEFGZWWOtXc289F4EwJvGRoT9OfSWX5GCOXVnvUD0-zi3HO-IDBeqNU3dKtLLDd8yBtNySm1ghSxzmXSX9IwQ0adI0w8-T-q1B1IWxl8W16VcfWnwsZff0LY4o-RzDbAtN9Iu7OsrrCwPrK7JIhaTSEFL6aEW9TZwB7rKh4kC_1GZFuLjHBHIWk0HT_x8dVvYy-VT45XngGRP6KhWY0_438v-KA16caXAvPlgBG9xHGvfjH2w6FOGDDUEs0jFXODSDHksoqAU5vpNswG4jzMdVQdEH3wZVYnYSACxl9y_e4dip2uTUAxGSsk6bMprawzkMvIEUF0ZUN_fVZSPA=&p=0&fvj=1&vjs=3,Not found,0
154,p_82205d8fe5652585,Kaiser Permanente,"Oakland, CA","Senior Counsel , Health Care Transactional Law - Oakland or...",30+ days ago,2020-05-15,/rc/clk?jk=82205d8fe5652585&fccid=48ecd526e3aa3225&vjs=3,Not found,0
155,p_bd29a2f9b4ad5fdf,WellSpace Health,"Sacramento, CA 95814 (Mansion Flats area)",Chief Strategy Officer,21 days ago,2020-05-15,/rc/clk?jk=bd29a2f9b4ad5fdf&fccid=d9f40fe83125eaff&vjs=3,Not found,0
156,p_53293894c29c3798,ORIX,"Irvine, CA","Director, Seniors Housing Healthcare",14 days ago,2020-05-15,/rc/clk?jk=53293894c29c3798&fccid=435b67b42a7b7803&vjs=3,Not found,0
157,p_fa6261c9a2e80557,Acuity Eye Group,"Pasadena, CA 91105",IT Service Manager,Today,2020-05-15,/company/Acuity-Eye-Group/jobs/IT-Service-Manager-fa6261c9a2e80557?fccid=b92aa854899677cc&vjs=3,Not found,0
158,p_efa1d341cda83809,Providence Health & Services,"Irvine, CA 92604",Regional Director of Ambulatory Surgery Centers,7 days ago,2020-05-15,/company/Providence-Health-&-Services/jobs/Regional-Director-Ambulatory-Surgery-Center-efa1d341cda83809?fccid=b983e0b562a36362&vjs=3,Not found,0
159,p_948cd91fcd9c0478,Sterling Communications,"Los Gatos, CA",Public Relations Account Associate,30+ days ago,2020-05-15,/rc/clk?jk=948cd91fcd9c0478&fccid=aa7a459f9dddda41&vjs=3,Not found,0
160,p_cdd56d69fdcf1bbb,American Academy of Physician Assistants,"Oakland, CA","Senior Counsel , Health Care Business Law",1 day ago,2020-05-15,/rc/clk?jk=cdd56d69fdcf1bbb&fccid=a6fb173ea28459c8&vjs=3,Not found,1
161,p_01c324e57aaedac5,FRESENIUS,"Fontana, CA",Area Team Lead,14 days ago,2020-05-15,/rc/clk?jk=01c324e57aaedac5&fccid=8de1633f2f8eae1d&vjs=3,Not found,0
162,p_04dd36dade29b5bd,Greenberg Traurig LLP,"Los Angeles, CA 90067 (Century City area)",Corporate Associate (mid-level)- LA,1 day ago,2020-05-15,/rc/clk?jk=04dd36dade29b5bd&fccid=74a94f4de2d34368&vjs=3,Not found,0
163,p_c32e17195e384f74,Lime,"San Francisco, CA","Paralegal, Corporate",2 days ago,2020-05-15,/rc/clk?jk=c32e17195e384f74&fccid=8e2e678241df1d58&vjs=3,Not found,0
166,p_da933dc754a9fa8c,Kaiser Permanente,"Oakland, CA","Corporate Counsel, Health Care Business Law",30+ days ago,2020-05-15,/rc/clk?jk=da933dc754a9fa8c&fccid=48ecd526e3aa3225&vjs=3,Not found,1
167,p_d18f771f2964158d,The Clorox Company,"Pleasanton, CA 94588",Sales Planning Team Manager,30+ days ago,2020-05-15,/rc/clk?jk=d18f771f2964158d&fccid=b819ccc257811b0d&vjs=3,Not found,0
168,p_0f710e87078ba589,Kaiser Permanente,"Oakland, CA","Consultant, Strategy & Corporate Development",30+ days ago,2020-05-15,/rc/clk?jk=0f710e87078ba589&fccid=48ecd526e3aa3225&vjs=3,Not found,0
169,p_240aad0dc4269f81,Kaiser Permanente,"Oakland, CA","Senior Counsel , Health Care Business Law",30+ days ago,2020-05-15,/rc/clk?jk=240aad0dc4269f81&fccid=48ecd526e3aa3225&vjs=3,Not found,1
170,p_d6775c4a3b11902e,"HRC Fertility Management, LLC","Pasadena, CA 91107",Corporate Counsel - Healthcare,30+ days ago,2020-05-15,/company/HRC-Fertility/jobs/Corporate-Counsel-d6775c4a3b11902e?fccid=62825353db598acb&vjs=3,Not found,0
171,p_41f9203eb0f5a3ca,Prime Healthcare,"Ontario, CA 91761",Financial Analyst,30+ days ago,2020-05-15,/rc/clk?jk=41f9203eb0f5a3ca&fccid=6382147697b3d24b&vjs=3,Not found,0
172,p_3d183a1b0b5faada,Adamas Pharmaceuticals,"Emeryville, CA 94608","Vice President, Corporate Development",30+ days ago,2020-05-15,/rc/clk?jk=3d183a1b0b5faada&fccid=f85832f83bb6b193&vjs=3,Not found,0
173,p_6b6dd651bba1c141,Greenberg Traurig,"San Francisco, CA","Corporate - Associate, junior level - SF",30+ days ago,2020-05-15,/rc/clk?jk=6b6dd651bba1c141&fccid=74a94f4de2d34368&vjs=3,Not found,0
174,p_c0282df53d3a31f7,ZS Associates,"San Francisco, CA",Strategy Insights & Planning Associate Consultant/Pipeline S...,1 day ago,2020-05-15,/rc/clk?jk=c0282df53d3a31f7&fccid=f349f6e84d53b739&vjs=3,Not found,0
175,p_505adce8a3e25e04,Pharmavite LLC,"West Hills, CA 91304",Corporate Counsel,30+ days ago,2020-05-15,/rc/clk?jk=505adce8a3e25e04&fccid=53047d896a5326d6&vjs=3,Not found,0
178,p_8f723a41cd21aeb1,American HealthCare Capital,"Marina del Rey, CA 90292",Telemarketing/Lead Generation Administrator Role,30+ days ago,2020-05-15,/rc/clk?jk=8f723a41cd21aeb1&fccid=31105684661ab21d&vjs=3,Not found,0
179,p_aec47fbb55708f55,VSP,"South Lake Tahoe, CA 96150",Optometrist,28 days ago,2020-05-15,/rc/clk?jk=aec47fbb55708f55&fccid=b20b4d8b1a5c1ab6&vjs=3,Not found,0
180,p_a0077a48791500cd,Prospect Medical Holdings,"Culver City, CA",Chief Financial Officer Coordinated Regional Care,8 days ago,2020-05-15,/rc/clk?jk=a0077a48791500cd&fccid=65b6f434a6ea22b5&vjs=3,Not found,0
181,p_34032624cda51229,SCAN Group,"Long Beach, CA",Business Development Program Manager,30+ days ago,2020-05-15,/rc/clk?jk=34032624cda51229&fccid=ed5ca8514f115c48&vjs=3,Not found,1
182,p_de7c081598e6c145,Dexcom,"San Diego, CA","Sr. New Business Development Manager, B2B Operations",3 days ago,2020-05-15,/rc/clk?jk=de7c081598e6c145&fccid=57e4f1a84f2d849b&vjs=3,Not found,1
183,p_ae0abe60bcff2812,Greenberg Traurig,"Los Angeles, CA",Corporate Associate (mid-level)- LA,30+ days ago,2020-05-15,/rc/clk?jk=ae0abe60bcff2812&fccid=74a94f4de2d34368&vjs=3,Not found,0
184,p_e27dedbc89d1592f,Altais,"Oakland, CA","Senior Director, Strategic Planning and Performance, Altais",21 days ago,2020-05-15,/rc/clk?jk=e27dedbc89d1592f&fccid=e73a8af1b3cebab5&vjs=3,Not found,0
185,p_dc602ed7e7b90d27,Latham & Watkins LLP,"Los Angeles, CA",Pricing Manager,30+ days ago,2020-05-15,/rc/clk?jk=dc602ed7e7b90d27&fccid=9b3429c846ebbd8c&vjs=3,Not found,0
186,p_4d9d5e5695b69018,Prospect Medical Holdings,"Culver City, CA",Corporate Counsel of Managed Care,8 days ago,2020-05-15,/rc/clk?jk=4d9d5e5695b69018&fccid=65b6f434a6ea22b5&vjs=3,Not found,0
187,p_dfe8a76e420c7976,"Halverson & Company, Inc.","Encinitas, CA 92024",Tax Senior or Tax Manager,22 days ago,2020-05-15,"/company/Halverson-&-Company,-Inc./jobs/Tax-Senior-or-Tax-Manager-dfe8a76e420c7976?fccid=f6a143786d7c3796&vjs=3",Not found,0
189,p_180ed6acaae66bb0,Lobb & Plewe,"Murrieta, CA 92562",Administrative Assistant/Legal Secretary,4 days ago,2020-05-15,/rc/clk?jk=180ed6acaae66bb0&fccid=49ce8a3565597303&vjs=3,Not found,0
190,p_aeac9a5152355bf2,Ambry Genetics,"Aliso Viejo, CA",Enterprise Market Analysis and Strategy Director,8 days ago,2020-05-15,/rc/clk?jk=aeac9a5152355bf2&fccid=7e68666c11b85ab8&vjs=3,Not found,0
191,p_5db8b1164265613a,TriNet,"Dublin, CA 94568","Lead Counsel, Benefits",10 days ago,2020-05-15,/rc/clk?jk=5db8b1164265613a&fccid=7f888820e2227fa2&vjs=3,Not found,0
192,p_5dc69cdc450ae02f,Kaiser Permanente,"San Diego, CA",Senior Director Shared Services Strategy,30+ days ago,2020-05-15,/rc/clk?jk=5dc69cdc450ae02f&fccid=48ecd526e3aa3225&vjs=3,Not found,0
193,p_7e707479455aca23,Nossaman LLP,"Los Angeles, CA 90017 (Downtown area)",Corporate Transactional Paralegal,30+ days ago,2020-05-15,/rc/clk?jk=7e707479455aca23&fccid=54cd36658af4a9a6&vjs=3,Not found,0
194,p_6833e96027ae40d1,"Prospect Medical Holdings, Inc.","Los Angeles, CA 90034 (Palms area)","Chief Financial Officer, Coordinated Regional Care",10 days ago,2020-05-15,/company/East-Connecticut-Health-Network/jobs/Chief-Financial-Officer-6833e96027ae40d1?fccid=ce6291eb10ac3890&vjs=3,Not found,0
195,p_e9b0b5b4ee17baf0,Optum,"El Segundo, CA","Sr. Human Capital Partner (VP, Human Resources)",30+ days ago,2020-05-15,/rc/clk?jk=e9b0b5b4ee17baf0&fccid=3c38342724c75954&vjs=3,Not found,0
196,p_365f9b44cab0dbd3,"Vertical Careers, Inc.","Los Angeles, CA 90017",Pricing Manager/Director equivalent [Finance & Strategy] for...,Today,2020-05-15,/rc/clk?jk=365f9b44cab0dbd3&fccid=d346386d2f8233f0&vjs=3,Not found,0
197,p_8e761ebdff7760d8,CohnReznick,"Los Angeles, CA 90067 (Century City area)",Transactional Advisory Services - Senior Associate,30+ days ago,2020-05-15,/rc/clk?jk=8e761ebdff7760d8&fccid=f0bade0760e83581&vjs=3,Not found,0
198,p_173bcfeb1acf7a6e,Brown & Toland Physicians,"Oakland, CA",Total Rewards Manager,30+ days ago,2020-05-15,/rc/clk?jk=173bcfeb1acf7a6e&fccid=e72301767b8a82c0&vjs=3,Not found,0
202,p_998e8ad696d2f26a,Optum,"El Segundo, CA","Manager,People Services",30+ days ago,2020-05-15,/rc/clk?jk=998e8ad696d2f26a&fccid=3c38342724c75954&vjs=3,Not found,0
203,p_08a77f45fa835fb6,Wetherby Asset Management,"San Francisco, CA 94104 (Financial District area)",Controller,30+ days ago,2020-05-15,/rc/clk?jk=08a77f45fa835fb6&fccid=f758fae90b436c04&vjs=3,Not found,0
204,p_d11ff55168f8c416,MedImpact Healthcare Systems,"San Diego, CA 92131 (Miramar Ranch North area)",Human Resources Projects Manager,30+ days ago,2020-05-15,/rc/clk?jk=d11ff55168f8c416&fccid=d831274680f88aa2&vjs=3,Not found,0
205,p_c56119ed727f5166,Grant Thornton,"Los Angeles, CA 90017 (Downtown area)",Not-For-Profit Tax Manager,30+ days ago,2020-05-15,/rc/clk?jk=c56119ed727f5166&fccid=7ac82fceed64aa81&vjs=3,Not found,0
207,pj_37c2bd41bfe00cc5,"Apollo Professional Solutions, Inc","Irvine, CA","Compliance Manager, Home Care Services",30+ days ago,2020-05-15,/pagead/clk?mo=r&ad=-6NYlbfkN0CAhuD5_VJSGKds9a5niLzxiWOcN_E6D1JakCGF8i00dzkx4BaRJ2Xz6kPlj7-h7mGPuhAeN5wsQ2nuI8Lgx0mUCMubjPuCGF-iFC6T6kpm9Jo_TOCN-5rQxKyQAz8RQWGR26yKXvvM9cgILa_eYt7Wl2D3MPu4Qv5jaf5UJinUCmoi7_1yKka-pAP3dyxxTXoDlECciOOKUqbMJXnVeuNSQzgJqa0iLeQzPTDaAbTPhuuQ4tXyIg75u8lcXYMqZdAcepwZxmTFO1A4TgMV2vYV97peGI4zCrErFOXWVo_2SqbhLERiy9SeMhNiJwLDnI8rywt3fhPjsvnSwras3w5HZJW2sJ6IWyIBylnavapMhfpXyDX4DBl2EyeUlh_fcqjILrYjFn0C-stc6mVxSmZK6a5prrdIqrAXJEF_Mhpj50Zc8Ol4TQos9zxgX_kO98f-CEnh-0vLsEDfDwJv08MJECGxXm2vfbA2wpTtVZNq2ThriM2eYzKxAJGyloOK_wkwSS3xOd6Xqer5XVktsS_-iG2kSRFnJE9T_aSZK3vPuR9oFQChGrrI2-1IXwjwCxz8RHhlerAfSbQR4Ls5KcHOQA0t6YnZXWD1J_cGz9Ph2DkyXGXWWiXz1r96lpjNdR5KdB72ZMcJDU2wXCincDXJRYv6TVCdhpybH3QYmrjlTbFkqZajjNL187tbOioSwP-pnBtnj3RNted4Z8yTc_Dq8jXbxGFqYlrM2dIYzspwVlWghQIsIjel8D3h_2KKBdE5RFR6nQawb3aoq-cic-MuUegaPRKSHgyoMKJkzpfmDvX44SP4djbU&p=6&fvj=1&vjs=3,Not found,0
208,p_d4c335898fea5370,UnitedHealth Group,"Minnetonka, MN 55345","Vice President, Compliance",Today,2020-05-15,/rc/clk?jk=d4c335898fea5370&fccid=d3d3520998346837&vjs=3,Not found,0
209,p_8e9fb502adb673ca,Center for Diagnostic Imaging,"Saint Louis Park, MN 55416","Vice President, Business Development",30+ days ago,2020-05-15,/rc/clk?jk=8e9fb502adb673ca&fccid=564fd6a5f7a5a91d&vjs=3,Not found,1
210,p_cbf8386171cab8d0,Bright Health,"Minneapolis, MN 55401 (North Loop area)",Senior Payroll Administrator,30+ days ago,2020-05-15,/rc/clk?jk=cbf8386171cab8d0&fccid=eeaf6e4fd346d590&vjs=3,Not found,0
211,p_eb26d49e545e1131,Cantel Medical,"Plymouth, MN 55442",Assistant Controller,30+ days ago,2020-05-15,/rc/clk?jk=eb26d49e545e1131&fccid=41474b249dc6bc1d&vjs=3,Not found,0
212,pj_cc75bf9df6e92cd9,Kelly,"Houston, TX",HRIS BENEFITS SPECIALIST (Project for 6 mos. 77042) $28-$32/...,1 day ago,2020-05-15,/pagead/clk?mo=r&ad=-6NYlbfkN0B2LP6KtwgLMWcIJbzQK4y118hUYa2NHT0ELzb4aR6nDrO9_32R0LtaJkfuj-WiSeYKpfOWWcpdryQrk_XHk6oKkwXp16omXZDPqOqgAFc70Vy41mMWI9UZB7IUYc2HiZmB1E_KUJAlGFMughhyLGPE-0J-UHZrOPa-sZp6td_oTCqB4EKSh5SDaUp3PVXtjo19ShPAb47-Tetvi10a4QjDBq5QjsNZd44JIzbjOUHK3j7AFIHPi9D7AHQ8cBq01AoVdPKcLuznnn82yOwY4U-_nXMqUNgjOUJteFHn7yGkKc5TSz6n6a9REi_JdLbhFbA-NrlyQ0A5g30Yn6ShkeFz3Uow4WuN0qssyCWSGf7ZroaNJno4gC32kWfz1OP56ajdPyU3otCP-3a3OQa8gPeEtHlT-wKqG0GfuUBHmC8c7c7YwEZBN94QnQtEGLIFXSlHbZ5W-w0l5z3P6yvz1cjzA82Fr82z572sS2zMWptPrusE2kujYVr1OOD6s5J4maE-L-esrG4f0EjZ_tckt1u7W81rSMyNmtnQkzE-Whvty47-Qfjj_rJDpXachsywhzlsexJjE_9JpnpHF0TjReBhxZ-oITHy6nJ3sgQRX3p8pNSJ0T9DLWurSgRX9xQxxmykKpLYKZ0HKqHHHLb_5NVnpevBWixYdRFdni0S3HcDP82lUca502MaAZUM2YVkLNJ0dlEJmLsBQWYmtj7Luu_7r_M3IqBKuWA=&p=0&fvj=0&vjs=3,Not found,0
213,p_229a260073744104,Encompass Health - Home Health & Hospice,"Dallas, TX 75206 (M Streets area)",Development Analyst - Mergers & Acquisitions,30+ days ago,2020-05-15,/rc/clk?jk=229a260073744104&fccid=ce9f86a0b3caac59&vjs=3,Not found,2
214,p_f7f7049d7303034f,UnitedHealth Group,Texas,"Vice President, Compliance",Today,2020-05-15,/rc/clk?jk=f7f7049d7303034f&fccid=d3d3520998346837&vjs=3,Not found,0
215,p_b5c2358d4dde548f,McKesson,"Dallas-Fort Worth, TX",Vice President Corporate Strategy,6 days ago,2020-05-15,/rc/clk?jk=b5c2358d4dde548f&fccid=a7c5036618407010&vjs=3,Not found,0
216,p_4e61ccb4c805b2cf,McKesson,"Dallas-Fort Worth, TX",Vice President,8 days ago,2020-05-15,/rc/clk?jk=4e61ccb4c805b2cf&fccid=a7c5036618407010&vjs=3,Not found,0
217,p_6ee98d70437b88a1,Dorilton Capital,"Houston, TX",Senior Counsel - Healthcare,Today,2020-05-15,/rc/clk?jk=6ee98d70437b88a1&fccid=ad7ad02fc5bc10d7&vjs=3,Not found,0
218,p_ad5ad46be4df6b9f,McKesson,"Dallas-Fort Worth, TX",Director Corporate Strategy,30+ days ago,2020-05-15,/rc/clk?jk=ad5ad46be4df6b9f&fccid=a7c5036618407010&vjs=3,Not found,0
219,p_8059479918ef45c2,AIS Healthcare,"Dallas, TX 75287 (Far North area)",Compliance Manager,23 days ago,2020-05-15,/rc/clk?jk=8059479918ef45c2&fccid=b69397385009bd0d&vjs=3,Not found,0
220,p_89e53116058a4bcc,Encompass Health,"Dallas, TX (M Streets area)",Development Analyst,30+ days ago,2020-05-15,/rc/clk?jk=89e53116058a4bcc&fccid=ce9f86a0b3caac59&vjs=3,Not found,0
221,p_b821ad0153f2a373,UnitedHealth Group,"San Antonio, TX 78208",Business Systems Analyst,2 days ago,2020-05-15,/rc/clk?jk=b821ad0153f2a373&fccid=d3d3520998346837&vjs=3,Not found,1
222,p_26df25d666df193f,Edgecumbe Group Recruiters,"Dallas, TX",SVP Corporate Controller,30+ days ago,2020-05-15,/rc/clk?jk=26df25d666df193f&fccid=9ba3401226cf9d87&vjs=3,Not found,0
223,pj_71346564c4504ffb,Excite Health Partners,"Dallas, TX",Mergers & Acquisitions Project Manager,17 days ago,2020-05-15,/pagead/clk?mo=r&ad=-6NYlbfkN0BUuxiRmajnfuzWg1i4GhyfGlMRHOC6pYZK-egqofURXQa9bW9oeUaUxddnel7PnH-q1-mHwrnLofjxpS13vwC8_7IyOthSJYJz8X4mDqJlE1o7coiG2CgUCd1ao4XD5COzvifhAAi3kXsl9AP3E9oA5ZrN3bt2qew-FSo8m-uxKTKYnacIjZuDSlDJRfPZTPxqZh3h0q_sQHmVmfLQoyNX7oG6xrXIf153zxOlVntITTG_vIdqtK7jdPCJBykJARFDmIgfKiT5DRS15wPDnLIwiNZABcNAkXRi5eTLDesvef2sZUdD5pFJ2HwdPL_hp0ptIuM40kI7itbJkC5Co9zaK3LqEjebyyrTkn-xOwCmNUKqC0VrnFZdz4i2E8H-tI2bD7vKQ_j6CUL_8bs4wmkAb_I0ijCXCTKJ9RwByNFl_3kgtBQJlZw2clTXe4drhxTYTXj4f9cTm2fteQGLowhULAIsrbBmmc4Te0cWnBT7peO7AvNFK4YY-jYd-CsKqeyvkTMbVHBcyguRvC2bEL--WLWadgtjjVkCe2VIveEvGq3u9HyRn2gcw1XaiX_x8pTkrtZsVYGBHECF5sra7a7ijgOBKt1vlOZvfdcHS2tQ5D9yIPa1Q6B4eSMYe0mQgPDulC4IuKUqC_Y1oaoa3BQ0dhBJywYKe_BCFWeyIaRrjknLljoXpUElUNfhTnft1CQaadModMGPujy6zk1g5pPE-bBcWNe8-zqM_e7cdgSoPTzxgV2r7ZUwxKOR3KOakZzuicNl3uapFROUaVOBM_PrSeB7zVxmOqm0EcdB1zSt7w==&p=0&fvj=1&vjs=3,Not found,2
224,pj_e998edb46cadcd68,Texas Digestive Disease Consultants,"Dallas, TX 75235 (Northwest Dallas area)",Vice President of Revenue Cycle,10 days ago,2020-05-15,/pagead/clk?mo=r&ad=-6NYlbfkN0BSdCJj7QgSgkQzLSaIH5ldFLvsombQoYXtxB6d50dzuQ7TJCo5OsGeMnbB8K2-sl5Z6BJsDd7lnUCM-pYB52tCOZZ-8EXf6XNegUApWDHHDtpGGsEOU6W3KCucQp_zlQQf6ZwSZdzClB7IARTyj-o_ecrC0VdXTUIg_nWQjs64XwJCI4KlChBxiyYCEM642rgOPAxmyohEmcTrS0Fm-eDDPX3Re--vjwEpJIxwDjKkPk_547Twv3wHh2AgODTk52PZCiNzRsyg3Q4Q2Gs26j4YvI2Q_2Hj15voQuy10pvm4PMLoUaCBwojndCZJBR3KYMETvJ-WpxKaRFMiTujl2MLX0HKHcDFKwUN1PAJ3UdaJ58ZYF6rJD17FjEdCJH2v6aH3gDvyQtymMR-m7gU9P3bJfl6wlHQzzYQvOkcjTFdaah91K2bgr-y9LZg_Qx14S-KpmPkUEisUGpYvRH3WOLRWIZip9Ptc6T-0M3Puhq_u3pikwOtEXBcs2cKWg7HUr0LddnqxHH5FR6oeP4S8bRJ1PA5p3qW1W3kCtBO0TSaXb7rwv4Q2wlVWv6CUrYhWVOGBbPFRjz_xNyAnwMacMylcT1DPEvT4w6dxhxmJWd0GXEs-UqUMMr254H4_dYyEpYJA_C1de4VjX40OSgbYxXhQM6wTBQDrjoBW9qgIEz0g6kaD63_vlNN16rOsPG-rI0G9_WFaJrEAF59_4svlde6MbvkekoWKeAIC-ETnEv-dxO3wFvdlSXF7RJBvP2mtcflHIMcpkDOB3ngCoa9qrJYPd6hljYICb9mkjz37XY3aQhm5LlFGk5TGXQK4r3k8Vuu_H4mN3dqwbV_W45e668g&p=1&fvj=0&vjs=3,Not found,0
225,p_e998edb46cadcd68,Texas Digestive Disease Consultants,"Dallas, TX 75235 (Northwest Dallas area)",Vice President of Revenue Cycle,10 days ago,2020-05-15,/rc/clk?jk=e998edb46cadcd68&fccid=0a71b52a30dc27bb&vjs=3,Not found,0
226,p_12baefaf521ba5b3,McKesson,"The Woodlands, TX",Sr. Director of Research Compliance,9 days ago,2020-05-15,/rc/clk?jk=12baefaf521ba5b3&fccid=a7c5036618407010&vjs=3,Not found,0
227,p_eae97c51a9d995d1,Surgical Care Affiliates SCA,"Dallas, TX",Associate Development,24 days ago,2020-05-15,/rc/clk?jk=eae97c51a9d995d1&fccid=067f864b3842bdc5&vjs=3,Not found,0
228,p_fb8a83e60e650d5b,RBC,"Houston, TX 77002 (Downtown area)",2021 Global Investment Banking Summer Analyst Program - Hous...,30+ days ago,2020-05-15,/rc/clk?jk=fb8a83e60e650d5b&fccid=537b899e30af3338&vjs=3,Not found,0
229,p_ff4c752548b4e87c,Varian Medical Systems,"Austin, TX","Sr. Director, Business Operations",15 days ago,2020-05-15,/rc/clk?jk=ff4c752548b4e87c&fccid=8fd9ec46a3e1e11a&vjs=3,Not found,1
230,p_a13c7ec496496bee,McKesson,"Dallas-Fort Worth, TX",Senior Compensation Consultant,30+ days ago,2020-05-15,/rc/clk?jk=a13c7ec496496bee&fccid=a7c5036618407010&vjs=3,Not found,0
231,p_f2e5ac70fa6e4376,"Caregiver, Inc.","Fort Worth, TX 76133 (Wedgwood area)",Senior Financial Analyst/Manager,2 days ago,2020-05-15,"/company/Caregiver,-Inc./jobs/Senior-Financial-Analyst-Manager-f2e5ac70fa6e4376?fccid=dd616958bd9ddc12&vjs=3",Not found,0
232,p_3f7897cf7583320f,Bain & Company Inc,"Dallas, TX 75202 (Near East area)","Senior Specialist, Automation",30+ days ago,2020-05-15,/rc/clk?jk=3f7897cf7583320f&fccid=48270b2eee62c2c6&vjs=3,Not found,0
233,p_3549d375c02bd8ad,"Caregiver, Inc","Fort Worth, TX (Far Southwest area)",Sr. Financial Ops Manager,30+ days ago,2020-05-15,/rc/clk?jk=3549d375c02bd8ad&fccid=dd616958bd9ddc12&vjs=3,Not found,0
234,pj_8059479918ef45c2,AIS Healthcare,"Dallas, TX 75287 (Far North area)",Compliance Manager,23 days ago,2020-05-15,/pagead/clk?mo=r&ad=-6NYlbfkN0CXrtOJ-M67yybKfg764hjc8qq57tLk3IWzsSix0jl-ORv7NorsYzU919Mp1ZbBPiQ7eKi21zYjb5qtSf2hSbreni-CEWi3s0QZbGl6PuIxeK971qI2nGRAlClidVS65gpcNQ9P3tDfoI4erAtJoJXXpB73KgtEvTNZG1O1t684NzuqoCjHUMdkMGMTL5TI6t3NB-P4W8X_p8OvSwwR2vaFP6J9Xap9iPDf3FSxNJkQbQp6B5V0v1v4T21C2Lkl-miqkEamR_whjn-MsURFuRr3DHeJv1nGtgL9joArmDwVVWWkZtExDVOT9tDA8he5VMX2j1Z3H9ezoGnkBGrC-faII0ZYc-XBHgfydidXrDuwMxxi7pzIkS1vPQHDcz0YGZLodpATUn2uzNx5zLSjKSTv-ynySNXfIdekqJJcj3Xq4lXqlNk0fgCwAzSnspu97bJJu68SwC3IbFO34tdgbCNfSWnXJSJFliuWkONpBAJNJdU2vXe0nMuQsXYNYVYSU4OXEXij6qAVpHzxbH6hVWyzRAMtlox-ijt9QUb45WyyeRsPoSgJIQu40c87NRzf-0tiGkrwvfO1K9Uga6ZC1JfV1gqVuR8KCQRkF2IkUz8s5lAObTdWdg9BLNFukh2MODwLEOW9RbHN6AXz85agikqDK0n0H-frUbSs6nq1DytogQ6HyfYg6aertZHICHmJNhkRJ1lhTsC-XUy-iz1cxUhKhpyXhM9bqBL8uZTTTyJq_713gZWhxAKtU6cERAh3Nn7VXr54jXZ8vX3TI3_gYuhUXOJPf9aseG5V6KrxGuGfe6bwJpCErM7ka24ffnrN8GHKItA4-Z2eXI40BFb_nyC6O0VBBq41ysOQsImMbuC0N4bqfY_hmb4YJviX2B4EC_8iziVk4zwPdC7EzaHVPDcJaitQttDVBPc=&p=11&fvj=0&vjs=3,Not found,0
236,pj_19b64e80901fd283,AccruePartners,"Charlotte, NC 28203 (Dilworth area)",VP of Global Operational Excellence,14 days ago,2020-05-15,/pagead/clk?mo=r&ad=-6NYlbfkN0Cmq1pj5Dwku4j-j-jMxiR3p8DjIx5wPgrGZP7N5_dynGcPrp9S6jFTbXy8GA3cxLLTRX-aq2cSjWPKQPVEHHOn8rsI-8gCRhgDgwwFyQxSRyETA2Jh-jP2isJUGktWqJqr9d-BZ03chQbxnMlapwihnK3XSZt_oeFD9F0qinZ5THCDFPHaShqH7J9X1oml9en_JjPpf5SysWfUo6ccS9etTZZD96D9N-duoT2Yngug34Ohn-CqyVL43E6qmkDwLrK91PERj3zhRDJxDzpf4ZZ2foAcH5wYyPGycGFNDvcXrElJLAxkfNmgMbnyEEHYTbFZfUdQdPRpDSGpq2Aky1Y2FeNVdz7Mn0fGJCUJq_8wGdQk0raH9U-eKaOmOcepGmqlgzwdgyZTnC3T4aLBiFTb_V0LPhVpkPevtdaPb-xxnWPXng3jHk1WEdpvLraAkYvQaGTUqhf9uwYgwirEWQCuYA-8P-ZF6AlzK2dpZY4LzeCs-xzLX_MrlREgFpfdRX5Mb-EGJv4a2ZbrbcmRNe_wHuKs1_kkvzAtYi0UK3YIf2xNjTXaUCqptUXRQ5Fh3PBREFpc9Ujm3Yr7QAuQAWRTNDCBR_hZAPV3CZgvLLQeAPAB44CGYYMP-sgOpKABYXjqq432TTcB4JiYLYYqR1H2fqtLtBThtK7U7CzmuwV-c24B3aS97Qcw9UuzX8jN0-fokCBrDzsxMO37FzEMm_Lhc4o48_KvfeJChc4BXU15qP_7dxUPtfLmdtTZIju-UPU4F9sezd7V7to7xfcaYfSb-LJng-s5dvP_sc1MnM89rC040alW8izw5ZUBbY3xprk=&p=0&fvj=0&vjs=3,Not found,0
237,p_5d9d67255b6c2d3e,UnitedHealth Group,North Carolina,"Vice President, Compliance",Today,2020-05-15,/rc/clk?jk=5d9d67255b6c2d3e&fccid=d3d3520998346837&vjs=3,Not found,0
238,p_0f8a3b45ef215144,The Kahlon Network,"Charlotte, NC",HEALTHCARE TRANSACTIONS & REGULATORY ATTORNEY,30+ days ago,2020-05-15,/rc/clk?jk=0f8a3b45ef215144&fccid=ddd424ce9eb668b1&vjs=3,Not found,0
239,p_6edd10444e26e355,DaVita,"Charlotte, NC 28208 (Westerly Hills area)",Director of Business Development,30+ days ago,2020-05-15,/rc/clk?jk=6edd10444e26e355&fccid=4591d24972ae8f6f&vjs=3,Not found,1
240,p_9e81c677f18e2514,Bethany Medical Center,"High Point, NC 27265",Director of Corporate Development,6 days ago,2020-05-15,/company/Bethany-Medical-Center/jobs/Director-Corporate-Development-9e81c677f18e2514?fccid=ab418dc4508c09fc&vjs=3,Not found,0
241,p_33af5d7e670cc317,The Clorox Company,"Durham, NC","Assistant Manager, Finance Strategic Initiatives",30+ days ago,2020-05-15,/rc/clk?jk=33af5d7e670cc317&fccid=b819ccc257811b0d&vjs=3,Not found,0
242,p_4b652d7f6e84d3f7,Teleflex,"Morrisville, NC","Project Manager, Morrisville",30+ days ago,2020-05-15,/rc/clk?jk=4b652d7f6e84d3f7&fccid=8f56bad16c2f4eef&vjs=3,Not found,0
243,pj_f8db9701aff07611,"Surescripts, LLC","Arlington, VA 22202 (Aurora Highlands area)",Director Corporate Strategy,30+ days ago,2020-05-15,/pagead/clk?mo=r&ad=-6NYlbfkN0DVdxY0N05-T7_8RiF_9SmNMSfM89QWhI82PKvK6T3otClDBVHLwQP3i5QHr2-bUnYZnI_Lu0s0bzCnVSd74hwger0o-nxjNS6VGdKfzrKpW3BmodfnFyvrmY-fvIvRpdY0gWp2vW65t1vx5BaQC863LSv63rWlxoO6efVZ4Gn4XQiAAlC4PdIKCtsEYWNxMWVzLJ6a07gUNPIIrEra7KwUvTE6tbnj743PmnQlVb5BkuAc2YOW206tAGT3a6AZLrnuDncDyZDo4GxpNEK8Kw2TZEH2EK7dUn6IKjbYQGEQLQ1uCOiX9NDQHwGIL6GtMZ-hFT8M9m1_kJkJFlnWW0XjJZnbEtROOBZVNBc24GKADkuEaxqTY_GN9u8Vkcrbqztx-KdT1pI1bu7TCfqMTnQpOoGXlGXCGFiiReYES8MPebC4fM6Zca0C0QN0kcQjuHbkKd-P1u3F7UH2hISAuvzMMWDevG0V0ckPcAk7VOLKRTNYSN6CEueWglmjApEJcxJ-id-8HTzabAaIz4UU3uw7wTcZfdaJF_yBg75hrTteNHeG35TIhUND4UfhOTvlFVIoxNTEHuTsTzyS3cVTu6DFI1-1yHOsdy-NKOowQ9AS_XlxpQsdWLE5Bs_mP1-c4r2aJuLfwI7sUIaugUQ9edl0tn1iCf6qyIQktACJJdfj4HE5ceOwtZ42Fu8iR3iO_T9W9af8YiTj_GVF-xlFS9orsBCPXHBUqFdq73G6IK-GZgI0j6yOhsRBNEV1oeorwAms5vOTsEg94hPev1SvupVP4w6rTz889uSMBA620LC3OStz6eKKXV42KPFTRLh9cP9GJDc2xmEq3VtTI1ALUf46T8P76OsYlhw=&p=0&fvj=0&vjs=3,Not found,0
244,pj_64fe23d2e4d4ff13,Latitude,"Washington, DC","Experienced Antitrust Attorney (Part-time, Remote)",8 days ago,2020-05-15,/pagead/clk?mo=r&ad=-6NYlbfkN0Bm6HJxcY0Tqjaa3n41Rv68Ym0q5XegBsUyML2tebqrB1Px6kUnQDr-AL8wXRFsJIS8HITmeb0_nlIlM-ydIdEQihtgoHi1h_RjBQT6FFHPiqH0gLmXEVAjH-rybB134gwiyLtJ1sZpO1hnY4g4TSS8jRysI7tOOggM90kakvGxQo74dkqDTrMzINk4rfus-6YIU09d8tNQi2klsK4mGggp1642zYzYkDv0Ep9oXjFaYZZ0i4f5S1-29TWpXQiZTUADAEkwSQdKMwvi5Hs_-aC9JyIifC_zIymN3IZ4mTMrxOFiL5_yH0g5Ed8ms3hbE-GQYFDClsdeXeoae7vfX_3vAwScSEjwbe0Z4smg1r8-M9U_A34e4tVy4Qhkjr4I5w6tYorpW1iAiKa4FFM_cvorlES3nV6_-4qwqTpe6b1HENb-Xa_3gukujb0LKDbi-VNDUjrF0iE8MNbijxu0ZZaem8j6e-_o5LTAgqHlH-ldYwVXEzyoB2ug7wqf_Q52aQ6XJpJaBXvO1nhHu4ENRcPZZFjHlXHMEemzbFXvYKg2iF-45yo7PcNMsRNZm45RE5zh9bPr23IqR93FDmVPyrDvB5u4QlB8uOc7tg2Zs9NBlhfTuQw65fmET2sFzXt2x45Iucbdx14HxpP4-tzFz9zvu-i7mhbGM9uQLeeK3dBBvtNelEaSq47kF847b_xRl7gXV4UxDryAj0eupCj3p9Gud8i-D_MAC6yNt7e6F7B48lU_KIbvyw_U4_TBgMmaDGuKcBcuqh1VYWe3Mi_wX9t3jYkOQI--yyPFHlQPpQ2-F9QZPt4uoy_F8PSmUXrWxBg=&p=1&fvj=0&vjs=3,Not found,0
245,p_1d0e5b258e69d601,Taylor Advisory,"Washington, DC 20006 (Downtown area)",Investment Banking Analyst/Associate,30+ days ago,2020-05-15,/company/Taylor-Companies/jobs/Investment-Banking-Analyst-Associate-1d0e5b258e69d601?fccid=52d848bdd6e13671&vjs=3,Not found,0
246,p_8578335994aeafc1,AETNA,"Washington, DC 20005 (Downtown area)",Enterprise Strategy - Strategic Planning Manager - 69492BR,30+ days ago,2020-05-15,/rc/clk?jk=8578335994aeafc1&fccid=7077d7e88049c02a&vjs=3,Not found,0
247,p_25be418b610e7728,Johns Hopkins Hospital,"Columbia, MD 21044",COO- Johns Hopkins Regional Physicans,2 days ago,2020-05-15,/rc/clk?jk=25be418b610e7728&fccid=185e1d74b7bc6cba&vjs=3,Not found,0
248,p_f8db9701aff07611,"Surescripts, LLC","Arlington, VA 22202 (Aurora Highlands area)",Director Corporate Strategy,30+ days ago,2020-05-15,/rc/clk?jk=f8db9701aff07611&fccid=68d5ea35b64a9b36&vjs=3,Not found,0
250,p_9089de3d26ae1cc8,"Berkeley Research Group, LLC","Washington, DC","Corporate Compliance & Risk Management Consultant, Life Scie...",30+ days ago,2020-05-15,/rc/clk?jk=9089de3d26ae1cc8&fccid=5438980566e5f414&vjs=3,Not found,0
251,p_0e6a3f549734a682,Vox Media,"Washington, DC 20036 (Dupont Circle area)",Counsel,30+ days ago,2020-05-15,/rc/clk?jk=0e6a3f549734a682&fccid=423dc0697be201e8&vjs=3,Not found,0
252,p_4c8747b252b2170e,Anthem,"Richmond, VA 23230",Info Security Exec Advisor - PS35758,8 days ago,2020-05-15,/rc/clk?jk=4c8747b252b2170e&fccid=2a4da7fa99f4b9ae&vjs=3,Not found,0
253,p_12525b6246172e2c,Sheppard Pratt Health System,"Gaithersburg, MD 20877",Chief of Family & Communities Services,25 days ago,2020-05-15,/company/Sheppard-Pratt-Health-System/jobs/Chief-Family-Community-Service-12525b6246172e2c?fccid=88cdf173ac4a343d&vjs=3,Not found,0
266,pj_75421ae63e456713,American Tower,"Woburn, MA 01801","Associate, Mergers & Acquisitions",13 days ago,2020-05-15,/pagead/clk?mo=r&ad=-6NYlbfkN0CXmObVUPLwwUHrEeMzi4oFF4wIxGLySJeWZEu6hFOvnZDsSfPTJtSgXt7EDK9dM9_-MZItcQINoJjbU2P-pzIZpFVQU7L_wHIf9eC7kzjt4SKAebh5GHpp04DdQoURUbqdfzrE5T5Pms8-i5jk3bxXORr72YmvIRZXafL5hyEzAsA3FjWcDwiHn3ODMlxpqIxdVlDldi9NDoYDSyA8aesIg9kx5ElsnG-d_3HolfAaXgzSd6YzOcVrfzRI9_dIeb86DkvoxJ9mAGAfDYPByvF3bD-GZb21nJ59Is5Sq-qnnl9Nv6TVYT0rG6E31cmezVeUHGY5WOCOlaTVqImgtknJZ97p4C23cdmSpfv506SLCccHlEMcUNTFKtXN2JETjvje5NF33hsG04X9KFXFw60s4n5xi6-W1uk5E-oqJIQ__eDCODYk6GlcMka8M-lwyJE59_a9GewttrK8EKpGjvBM63bQ-QruiWVz9qKfKYVxEOn1-gE2P1tghmQE_xHhwbynRMXV22UdWL0ksC5qFU6_aZ0dICVTATJUq05qy3Y9rfay3QMfD7zYlPyinhnLy13goT5Abp-mCBHRu-b3uTCZPL8jmnWas2_WRmlU3GZB71ODwSE8mPI4ZqmoTyT4IKrpRCfxJ5dk3CMrXBHGeOv5QAmYbpqisDEl3qeNl6obQ60WFW9aIjNbWA1okvDLqv9Co2iymouk0tOBH76HZt1Z-ut0VVd7790De3H3aXhhLwIpGzADI384xDlwvIJ8Y2MU4-a_jd9-Zf11_hDRactu7VJdQou6Z_Uh4n7vSr2e-A==&p=0&fvj=0&vjs=3,Not found,2
267,p_6d8ea62901b2b408,UnitedHealth Group,"Boston, MA 02298",Mergers Acquisitions Associate New York or Boston,30+ days ago,2020-05-15,/rc/clk?jk=6d8ea62901b2b408&fccid=d3d3520998346837&vjs=3,Not found,2
268,p_75421ae63e456713,American Tower,"Woburn, MA 01801","Associate, Mergers & Acquisitions",13 days ago,2020-05-15,/rc/clk?jk=75421ae63e456713&fccid=3a7aba255da11bc7&vjs=3,Not found,2
269,p_c2d837519ab4cf9f,AGC Partners,"Boston, MA",Analyst,30+ days ago,2020-05-15,/rc/clk?jk=c2d837519ab4cf9f&fccid=dc0e1f3a43c0ed05&vjs=3,Not found,0
270,p_44feed72ce7ec352,Sobi,"Waltham, MA 02451",Human Resources,3 days ago,2020-05-15,/rc/clk?jk=44feed72ce7ec352&fccid=6429a2759447f691&vjs=3,Not found,0
271,p_0a79f1861899ead0,Sensata Technologies,"Attleboro, MA 02703",Global Benefits Director,30+ days ago,2020-05-15,/rc/clk?jk=0a79f1861899ead0&fccid=09bf0a2ea4abac43&vjs=3,Not found,0
272,p_161a9142c051de46,Triumvirate Environmental,"Somerville, MA 02143",Corporate Management Trainee,30+ days ago,2020-05-15,/rc/clk?jk=161a9142c051de46&fccid=e9eff825f11a7df2&vjs=3,Not found,0
273,p_deae2cd2dd1c708b,Monotype,"Woburn, MA 01801","VP, Controller",30+ days ago,2020-05-15,/rc/clk?jk=deae2cd2dd1c708b&fccid=9e4a4e3d3d25ca54&vjs=3,Not found,0
274,p_611e7bc23db2f70a,Premera Blue Cross,"Mountlake Terrace, WA 98043","Director, Financial Planning & Analysis",20 days ago,2020-05-15,/rc/clk?jk=611e7bc23db2f70a&fccid=3db5035573876362&vjs=3,Not found,0
275,p_126a63908c0c085e,Centene Corporation,"Chicago, IL","Director, Product Innovation",2 days ago,2020-05-15,/rc/clk?jk=126a63908c0c085e&fccid=5ece327da33e0274&vjs=3,Not found,0
276,p_a6eb6b9f82581f89,Houlihan Lokey Howard & Zukin,"Chicago, IL",Vice President - Financial and Valuation Advisory (Transacti...,1 day ago,2020-05-15,/rc/clk?jk=a6eb6b9f82581f89&fccid=876bfa98c9e3c0ad&vjs=3,Not found,0
277,p_cca23da303833ddd,Marshall & Stevens Inc.,"Chicago, IL",Financial Valuation Intern,30+ days ago,2020-05-15,/rc/clk?jk=cca23da303833ddd&fccid=b1bd578643d90d33&vjs=3,Not found,0
278,p_edf2bc24d7f7059d,Seyfarth Shaw LLP,"Chicago, IL 60603 (The Loop area)",Employee Benefits Associate,30+ days ago,2020-05-15,/rc/clk?jk=edf2bc24d7f7059d&fccid=82443c39efd5a1ce&vjs=3,Not found,0
279,p_0ead160932e454b5,FRESENIUS,"Downers Grove, IL 60515",Regional Vice President,30+ days ago,2020-05-15,/rc/clk?jk=0ead160932e454b5&fccid=8de1633f2f8eae1d&vjs=3,Not found,0
280,p_aac8b8d4f8a4eea0,USA Vein Clinics,"Northbrook, IL 60062",Associate General Counsel,30+ days ago,2020-05-15,/company/USA-Vein-Clinics/jobs/Associate-General-Counsel-aac8b8d4f8a4eea0?fccid=1cfba503239a4ffe&vjs=3,Not found,0
281,p_0d66fe015877fbbf,Northwestern Medicine,"Chicago, IL 60647 (Bucktown area)",Project Manager Construction,30+ days ago,2020-05-15,/rc/clk?jk=0d66fe015877fbbf&fccid=388ffa8e9601f976&vjs=3,Not found,0
282,p_cf5688016979ac3b,HUB International,"Chicago, IL 60684 (Near West Side area)",National Clinical Risk Management Practice Lead,30+ days ago,2020-05-15,/rc/clk?jk=cf5688016979ac3b&fccid=facab5dee1aa0a96&vjs=3,Not found,0
283,p_03578aa31fb058b9,Keys Medical Staffing,"Chicago, IL",Accounting Manager,30+ days ago,2020-05-15,/rc/clk?jk=03578aa31fb058b9&fccid=d42979dfe4eb559d&vjs=3,Not found,0
284,p_faf0c9697fb5f56b,Daniels/Sharpsmart,"Chicago, IL",Deputy Commercial Finance Director,30+ days ago,2020-05-15,/rc/clk?jk=faf0c9697fb5f56b&fccid=804d8d3c9b7e692e&vjs=3,Not found,0
285,p_a7f908897580625d,Northwestern Memorial Healthcare,"Chicago, IL 60611 (Near North Side area)",Project Manager Construction,30+ days ago,2020-05-15,/rc/clk?jk=a7f908897580625d&fccid=5e39c399008d4084&vjs=3,Not found,0
286,p_d1753d8f88776879,Northwestern Memorial Healthcare,"Winfield, IL 60190","Project Manager-Construction, Full-Time, Days",30+ days ago,2020-05-15,/rc/clk?jk=d1753d8f88776879&fccid=5e39c399008d4084&vjs=3,Not found,0
